ID,FN,LN,isAllStar,DRAFT_YR,MPG,PPG
1,Mark,Workman,0,1952,15.8,5.1
2,Jim,Baechtold,0,1952,29.6,10.3
3,Dick,Groat,0,1952,25.5,11.9
4,Ralph,Polson,0,1952,16.5,3.9
5,Bob,Lochmueller,0,1952,12.9,3.7
6,Clyde,Lovellette,1,1952,17.4,8.2
7,Walt,Davis,0,1952,23.1,5.9
8,Gene,Conley,0,1952,11.8,2.3
9,Blaine,Denning,0,1952,9,5
10,Chuck,Grigsby,0,1952,6.4,2.3
11,Bob,Priddy,0,1952,9.3,2.2
12,Jim,Walsh,0,1952,7.2,2
13,Monk,Meineke,0,1952,33.1,10.7
14,Gene,Rhodes,0,1952,17.9,5.2
15,Skippy,Whitaker,0,1952,5,0.7
16,Zeke,Zawoluk,0,1952,15.2,4.6
17,George,McLeod,0,1952,8.5,1.2
18,Eddie,Miller,0,1952,28.8,10.5
19,Bobby,Watson,0,1952,11.1,2.8
20,Jim,Holstein,0,1952,15,4
21,Carl,McNulty,0,1952,14,2
22,Dick,Bunt,0,1952,10.4,3.5
23,Dick,Surhoff,0,1952,7.2,1.7
24,Moe,Radovich,0,1952,8.2,3.5
25,Ronnie,MacGilvray,0,1952,9.5,1.3
26,Jack,McMahon,0,1952,23.8,7.2
27,Jim,Brasco,0,1952,12.4,3.9
28,Ken,McBride,0,1952,20.8,9.8
29,Bill,Mlkvy,0,1952,19.6,5.8
30,Ray,Felix,1,1953,37.1,17.6
31,Walter,Dukes,1,1953,21.5,7.8
32,Bob,Houbregs,0,1953,28.1,8.7
33,Ernie,Beck,0,1953,28.1,7.5
34,Jack,Molinas,1,1953,29.9,11.6
35,Richie,Regan,1,1953,24.2,7.8
36,Jim,Neal,0,1953,13.4,4.7
37,Jim,Fritsche,0,1953,18,4.1
38,Don,Ackerman,0,1953,7.9,1.5
39,Larry,Hennessy,0,1953,8.4,3.7
40,Cliff,Hagan,1,1953,14.5,5.5
41,Norm,Grekin,0,1953,1,0
42,Bob,Santini,0,1953,5.8,2.8
43,Lou,Tsioropoulos,0,1953,12.9,4.4
44,Paul,Nolen,0,1953,2,0
45,Bob,Peterson,0,1953,7.5,1.9
46,Connie,Rea,0,1953,7.7,1.1
47,Irv,Bemoras,0,1953,21.7,7.4
48,Bill,Bolger,0,1953,10.1,2.8
49,Gene,Dyker,0,1953,8.3,1.5
50,Ron,Feiereisel,0,1953,5.9,3
51,Dick,Atha,0,1953,11.5,3.7
52,Joe,Smyth,0,1953,12.4,3.3
53,Jack,George,1,1953,37.3,9.5
54,Bill,Edwards,0,1953,14.7,2
55,Frank,Reddout,0,1953,2.6,1.9
56,Kenny,Sears,1,1953,29.6,12.8
57,Norm,Swanson,0,1953,9.7,1.6
58,Billy,Kenville,0,1953,19.5,6
59,Dick,Knostman,0,1953,9.4,2.6
60,Frank,Selvy,1,1954,37.6,19
61,Bob,Pettit,1,1954,36.9,20.4
62,Gene,Shue,1,1954,15.3,4.2
63,Dick,Rosenthal,0,1954,21,7.8
64,Togo,Palazzi,0,1954,9.5,4.7
65,Red,Kerr,1,1954,21.2,10.5
66,Tom,Marshall,0,1954,18.6,8
67,Jack,Turner,0,1954,14.2,4.3
68,Ed,Kalafat,0,1954,15.3,4.8
69,Slick,Leonard,0,1954,27,11
70,Larry,Costello,1,1954,24.4,6.2
71,Red,Morrison,0,1954,17.3,4.4
72,Dick,Farley,0,1954,16.1,5.9
73,Boris,Nachamkin,0,1954,9.8,3.3
74,Richie,Guerin,1,1954,24.9,9.7
75,Al,Bianchi,0,1954,23.2,8.3
76,Jim,Tucker,0,1954,14.3,5.2
77,Don,Anielak,0,1954,10,3
78,Phil,Martin,0,1954,6.7,1.7
79,Chuck,Noble,1,1954,28,9.5
80,Art,Spoelstra,0,1954,16.1,6.1
81,Bo,Erias,0,1954,22.3,8.2
82,Bob,Carney,0,1954,12.8,3.6
83,Red,Davis,0,1954,5.3,0.7
84,Don,Bielke,0,1954,5.4,2
85,Dick,Garmaker,1,1955,12.8,5.7
86,Dick,Ricketts,0,1955,28.6,8.9
87,Maurice,Stokes,1,1955,34.7,16.8
88,Tom,Gola,1,1955,34.5,10.8
89,Jim,Loscutoff,0,1955,22.3,8.3
90,Kenny,Sears,1,1955,29.6,12.8
91,Ed,Conlin,0,1955,21.6,8.2
92,Johnny,Horan,0,1955,4.9,1.8
93,Jack,Stephens,0,1955,30.8,10.3
94,Jack,Twyman,1,1955,30.4,14.4
95,Corky,Devlin,0,1955,22.2,7.9
96,Dick,Hemric,0,1955,18.7,7
97,Chuck,Mencel,0,1955,14.1,4.6
98,Jesse,Arnelle,0,1955,13.2,4.7
99,Al,Ferrari,0,1955,23.7,8
100,Ed,Fleming,0,1955,28.6,12.5
101,Bob,Schafer,0,1955,10.7,4.1
102,Guy,Sparrow,0,1955,23.1,11.1
103,K.C.,Jones,0,1955,12.4,3.5
104,Bob,Armstrong,0,1955,5.8,1.5
105,Si,Green,0,1956,32.5,11.5
106,Tom,Heinsohn,1,1956,29.9,16.2
107,Bill,Russell,1,1956,35.3,14.7
108,Jim,Paxson,0,1956,17.9,6.3
109,Joe,Holup,0,1956,18.1,7.4
110,Hal,Lear,0,1956,4.7,1.3
111,K.C.,Jones,0,1956,12.4,3.5
112,Dan,Swartz,0,1956,8.6,4.5
113,Bill,Thieben,0,1956,10.9,4.1
114,John,Barber,0,1956,3.8,1.4
115,Jerry,Bird,0,1956,4.1,2.3
116,Phil,Jordon,0,1956,10.1,4.9
117,Gary,Bergen,0,1956,6.7,1.3
118,Pat,Dunn,0,1956,7.4,2.5
119,Phil,Rollins,0,1956,15.7,5.2
120,Bob,Burrow,0,1956,15.3,6
121,Johnny,McCarthy,0,1956,21.7,6.6
122,Dave,Piontek,0,1956,24.8,9
123,Willie,Naulls,1,1956,25,10.1
124,Norm,Stewart,0,1956,7.4,2
125,Forest,Able,0,1956,1,0
126,Swede,Halbrook,0,1956,14.3,4.9
127,Bob,Hopkins,0,1956,12.3,5.7
128,Jim,Ray,0,1956,10.8,1.8
129,Hot,Rod Hundley,1,1957,17.8,7
130,Charlie,Tyra,0,1957,17.4,7.4
131,Jim,Krebs,0,1957,18.5,7.8
132,Win,Wilfong,0,1957,19.2,7.8
133,Brendan,McCann,0,1957,8.2,1.9
134,Lennie,Rosenbluth,0,1957,7,4.4
135,George,Bon Salle,0,1957,3,1.3
136,Sam,Jones,1,1957,10.6,4.6
137,Dick,Duckett,0,1957,12.5,3.9
138,Jim,Palmer,0,1957,24.2,10.3
139,Larry,Friend,0,1957,12.9,4
140,Jerry,Paulson,0,1957,11.3,3.3
141,Bill,Ebben,0,1957,6.2,1.9
142,George,Brown,0,1957,6,1
143,Ray,Radziszewski,0,1957,6,0
144,Maury,King,0,1957,19,10
145,Doug,Bolstorff,0,1957,7,1.3
146,Woody,Sauldsberry,1,1957,33.5,12.8
147,Elgin,Baylor,1,1958,40.8,24.9
148,Guy,Rodgers,1,1958,34.8,10.7
149,Archie,Dees,0,1958,18.4,8.2
150,Mike,Farmer,0,1958,21.5,6
151,Pete,Brennan,0,1958,8.5,2.5
152,Connie,Dierking,0,1958,11.3,4.6
153,Dave,Gambee,0,1958,3.5,1
154,Steve,Hamilton,0,1958,12.6,4.4
155,Vern,Hatton,0,1958,17.3,5.9
156,Barney,Cable,0,1958,8.7,3.5
157,Hal,Greer,1,1958,23.9,11.1
158,Hub,Reed,0,1958,14.6,5
159,Boo,Ellis,0,1958,16.7,5.9
160,Bucky,Bockhorn,0,1958,31.7,10.2
161,Wayne,Embry,1,1958,24.1,11.4
162,Johnny,Cox,0,1958,23.1,7.8
163,Tommy,Kearns,0,1958,7,2
164,Don,Ohl,1,1958,27.5,13.3
165,Shellie,McMillon,0,1958,14.6,6.4
166,Wayne,Stevens,0,1958,6.1,1.6
167,Tom,Brennan,0,1958,4.7,0.9
168,Larry,Staverman,0,1958,11.9,4.3
169,Jack,Parr,0,1958,15.7,4
170,Joe,Buckhalter,0,1958,11.6,5.9
171,Adrian,Smith,1,1958,18.3,7.2
172,Wilt,Chamberlain,1,1959,46.4,37.6
173,Bob,Ferry,0,1959,14.1,5.9
174,Bob,Boozer,1,1959,19.9,8.4
175,Bailey,Howell,1,1959,31.3,17.8
176,Johnny,Green,1,1959,17.9,7
177,Tom,Hawkins,0,1959,21.3,7.9
178,Dick,Barnett,1,1959,21.7,12.4
179,John,Richter,0,1959,12.2,4.3
180,Joe,Ruklick,0,1959,9.8,5
181,Rudy,LaRusso,1,1959,29.5,13.7
182,Cal,Ramsey,0,1959,17.7,8.8
183,Gene,Guarilia,0,1959,8.8,3
184,Gary,Alcorn,0,1959,11.6,4
185,Bobby,Smith,0,1959,13,3.7
186,Bob,Anderegg,0,1959,11.3,4
187,George,Lee,0,1959,23.4,12.1
188,Paul,Neumann,0,1959,16.4,6.2
189,Tony,Windis,0,1959,21.4,4
190,Nick,Mantis,0,1959,7.1,2.1
191,Dave,Gunther,0,1959,5,2
192,John,Barnhill,0,1959,35,11.7
193,Oscar,Robertson,1,1960,42.7,30.5
194,Jerry,West,1,1960,35.4,17.6
195,Darrall,Imhoff,1,1960,16,4.7
196,Jackie,Moreland,0,1960,15.7,7.3
197,Lee,Shaffer,1,1960,27.8,16.9
198,Lenny,Wilkens,1,1960,25.3,11.7
199,Jay,Arnette,0,1960,10.4,3.8
200,Dave,Budd,0,1960,17.6,6.5
201,Ron,Johnson,0,1960,7.4,2.6
202,Frank,Radovich,0,1960,4.7,2.4
203,Pickles,Kennedy,0,1960,7.4,1.7
204,Ralph,Davis,0,1960,16.6,5.4
205,Bob,McNeill,0,1960,18.5,5.8
206,Joe,Roberts,0,1960,11.8,4.7
207,Fred,LaCour,0,1960,13.1,5.6
208,Horace,Walker,0,1960,20.5,6.7
209,Willie,Jones,0,1960,12.9,5.6
210,Jimmy,Darrow,0,1960,6.8,2.4
211,Al,Attles,0,1960,20.1,7
212,York,Larese,0,1960,11.9,5.1
213,Bob,Sims,0,1960,20.7,7.8
214,Sam,Stith,0,1960,13.8,4.4
215,Mel,Peterson,0,1960,1.5,1
216,Walt,Bellamy,1,1961,42.3,31.6
217,Tom,Stith,0,1961,8.4,3.1
218,Larry,Siegfried,0,1961,8.4,3.3
219,Ray,Scott,0,1961,27.8,13.3
220,Wayne,Yates,0,1961,7.1,1.9
221,Ben,Warley,0,1961,7.9,4.8
222,Tom,Meschery,1,1961,31.4,12.1
223,Cleo,Hill,0,1961,18.1,5.5
224,Gary,Phillips,0,1961,10.6,4
225,Whitey,Martin,0,1961,15.4,3.4
226,Bob,Wiesenhahn,0,1961,5.4,2
227,Johnny,Egan,0,1961,12,5.5
228,Ted,Luckenbill,0,1961,5.9,2
229,Ron,Horn,0,1961,8.3,1
230,Al,Butler,0,1961,34.2,14
231,Jack,Turner,0,1961,13.5,4.8
232,York,Larese,0,1961,11.9,5.1
233,Don,Kojis,1,1961,14.7,6.3
234,Tony,Jackson,0,1961,7,1
235,Bevo,Nordmann,0,1961,5.9,2.3
236,Doug,Kistler,0,1961,2.6,1.6
237,Chuck,Osborne,0,1961,5.2,1.2
238,Bill,Bridges,1,1961,13.9,6.1
239,George,Blaney,0,1961,10.1,3.2
240,Bill,Smith,0,1961,9.2,2.6
241,Danny,Doyle,0,1961,6.2,4
242,Howie,Carl,0,1961,12.3,5.5
243,Cleveland,Buckner,0,1961,11.2,6.4
244,Donnie,Butcher,0,1961,10.2,2.9
245,Dave,Zeller,0,1961,4.6,1.5
246,Larry,Comley,0,1961,7.4,2.1
247,George,Patterson,0,1961,9.5,2
248,Jerry,Lucas,1,1962,41.4,17.7
249,Dave,DeBusschere,1,1962,29.4,12.7
250,Bill,McGill,0,1962,9.8,7.4
251,Paul,Hogue,0,1962,26.8,7.7
252,Zelmo,Beaty,1,1962,24,10.2
253,Len,Chappell,1,1962,15.5,8.9
254,John,Havlicek,1,1962,27.5,14.2
255,Wayne,Hightower,0,1962,21,7.4
256,Leroy,Ellis,0,1962,20.4,7.2
257,Terry,Dischinger,1,1962,40.2,25.5
258,John,Rudometkin,0,1962,10.2,5.2
259,Kevin,Loughery,0,1962,14.8,6.4
260,Bob,Duffy,0,1962,10.4,3.7
261,Chet,Walker,1,1962,25.5,12.3
262,Bud,Olsen,0,1962,7.2,2.2
263,Hubie,White,0,1962,9.3,3.2
264,Gene,Wiley,0,1962,19.8,3.2
265,Jack,Foley,0,1962,7.5,4.8
266,Don,Nelson,0,1962,17.3,6.8
267,Charlie,Hardnett,0,1962,21.2,10.6
268,Porter,Meriwether,0,1962,8.6,3.8
269,Dave,Fedor,0,1962,3.9,0.9
270,Chico,Vaughn,0,1962,24,10.1
271,Jerry,Grote,0,1962,3,1.3
272,Roger,Strickland,0,1962,4,2
273,John,Windsor,0,1962,6.2,2.5
274,Jay,Carty,0,1962,6.9,2.7
275,Howie,Montgomery,0,1962,18.2,7.2
276,Jeff,Slade,0,1962,6.7,1.3
277,Mel,Nowell,0,1962,15.1,5.9
278,Tom,Thacker,0,1963,9.5,2.8
279,Art,Heyman,0,1963,29.8,15.4
280,Rod,Thorn,0,1963,34.6,14.4
281,Eddie,Miles,1,1963,13.5,5.4
282,Gerry,Ward,0,1963,5.8,1.8
283,Tom,Hoover,0,1963,16.7,4.8
284,Roger,Strickland,0,1963,4,2
285,Jerry,Harkness,0,1963,11.8,5.8
286,Gus,Johnson,1,1963,36.5,17.3
287,Gary,Hill,0,1963,15.1,5.1
288,Jerry,Smith,0,1963,9.2,1.4
289,Jim,King,1,1963,12.7,3.9
290,Mel,Gibson,0,1963,5.9,1.4
291,Jerry,Greenspan,0,1963,14,4.9
292,Reggie,Harding,0,1963,29.7,11
293,Ken,Rohloff,0,1963,3.5,0
294,Mahdi,Abdul-Rahman,0,1964,13.9,4.2
295,Jim,Barnes,0,1964,34.5,15.5
296,Joe,Caldwell,1,1964,23.4,10.7
297,Gary,Bradds,0,1964,8.2,3.3
298,Luke,Jackson,1,1964,34.1,14.8
299,Jeff,Mullins,1,1964,11.2,4.9
300,Barry,Kramer,0,1964,9.8,3.6
301,Mel,Counts,0,1964,10.6,4.8
302,Willis,Reed,1,1964,38,19.5
303,Les,Hunter,0,1964,4.8,1.8
304,Paul,Silas,1,1964,15.7,4.6
305,Cotton,Nash,0,1964,7.9,3
306,Howard,Komives,0,1964,29.7,12.2
307,Bud,Koper,0,1964,11.7,4.6
308,Ron,Bonham,0,1964,10,7.4
309,Larry,Jones,1,1964,15.6,5.7
310,Wali,Jones,0,1964,16.2,5.3
311,McCoy,McLemore,0,1964,22.2,8.3
312,Freddie,Crawford,0,1964,10.1,5.9
313,Steve,Courtin,0,1964,13.2,4.2
314,John,Thompson,0,1964,10.9,3.6
315,Happy,Hairston,0,1964,12.1,6.1
316,Joe,Strawder,0,1964,27.6,8.6
317,John,Tresvant,0,1964,8.8,3.5
318,David,Lee,0,1964,13.9,6.9
319,Tom,Black,0,1964,12.3,4.2
320,Fred,Jones,0,1964,6.1,1.2
321,Bill,Buntin,0,1965,17,7.7
322,Gail,Goodrich,1,1965,15.5,7.8
323,Bill,Bradley,1,1965,19.4,8
324,Fred,Hetzel,0,1965,12.9,6.8
325,Jerry,Sloan,1,1965,16.1,5.7
326,Rick,Barry,1,1965,37.4,25.7
327,Dave,Stallworth,0,1965,23.7,12.6
328,Billy,Cunningham,1,1965,26.7,14.3
329,Jim,Washington,0,1965,17,5.9
330,Nate,Bowman,0,1965,7.2,2.4
331,Will,Frazier,0,1965,4.5,0.5
332,Dick,Van Arsdale,1,1965,29,12.3
333,Tom,Van Arsdale,1,1965,25.8,10.5
334,Jesse,Branson,0,1965,2.8,1
335,Flynn,Robinson,1,1965,15,8.8
336,John,Fairchild,0,1965,5.7,2
337,Keith,Erickson,0,1965,10.1,3.6
338,Barry,Clemens,0,1965,12.5,5.4
339,Ron,Reed,0,1965,17.5,7.5
340,Bob,Weiss,0,1965,4.3,0.9
341,Jon,McGlocklin,1,1965,11.8,5.1
342,Jim,Caldwell,0,1965,3.5,0
343,Toby,Kimball,0,1965,5.8,2.6
344,Bob,Love,1,1965,16.3,6.7
345,Willie,Somerset,0,1965,12.2,5.6
346,Jim,Fox,0,1965,11.3,3.6
347,Wayne,Molis,0,1965,5.8,3.5
348,Thales,McReynolds,0,1965,5.6,0.6
349,Dan,Anderson,0,1965,33.7,14.7
350,Cazzie,Russell,1,1966,22,11.3
351,Dave,Bing,1,1966,34.5,20
352,Clyde,Lee,1,1966,16.9,7
353,Lou,Hudson,1,1966,30.6,18.4
354,Jack,Marin,1,1966,17.9,9.6
355,Walt,Wesley,0,1966,14.2,4.9
356,Jerry,Chambers,0,1966,14.7,7.5
357,Jim,Barnett,0,1966,8,4.1
358,Matt,Guokas,0,1966,11.7,3
359,Dave,Schellhase,0,1966,6.8,3
360,Henry,Akin,0,1966,9.1,3.8
361,Dorie,Murrey,0,1966,8.9,2.8
362,Joe,Ellis,0,1966,8.1,3.7
363,Dick,Snyder,0,1966,12.3,6.1
364,Neil,Johnson,0,1966,10.2,3.4
365,Hank,Finkel,0,1966,5.2,1.5
366,Bill,Melchionni,0,1966,9.5,4.3
367,Erwin,Mueller,0,1966,26.7,12.7
368,Tommy,Kron,0,1966,6.9,2.1
369,Jim,Ware,0,1966,6.1,2.1
370,John,Block,1,1966,5.4,2.9
371,Archie,Clark,1,1966,23.2,10.5
372,Johnny,Austin,0,1966,15.2,5.8
373,Ken,Wilburn,0,1966,8.7,3.7
374,Stan,Washington,0,1966,4,0
375,Mike,Silliman,0,1966,10.2,2.5
376,Roland,West,0,1966,3.5,1
377,John,Wetzel,0,1966,11.4,3.7
378,Freddie,Lewis,0,1966,10.4,4.7
379,Stan,McKenzie,0,1966,13.1,4.1
380,Dave,Deutsch,0,1966,4.9,1.1
381,Jimmy,Walker,1,1967,19.6,8.8
382,Earl,Monroe,1,1967,36.7,24.3
383,Clem,Haskins,0,1967,19.4,8.9
384,Sonny,Dove,0,1967,5.8,2
385,Walt,Frazier,1,1967,21.5,9
386,Al,Tucker,0,1967,29.2,13.1
387,Pat,Riley,0,1967,15.8,7.8
388,Tom,Workman,0,1967,4.8,2.8
389,Mel,Daniels,0,1967,11.5,3.5
390,Dave,Lattin,0,1967,5.8,2.2
391,Mal,Graham,0,1967,16.4,6
392,Craig,Raymond,0,1967,6.6,2
393,Jimmy,Jones,0,1967,19.5,7.1
394,Byron,Beck,0,1967,9.1,4.7
395,Phil,Jackson,0,1967,14.6,6.2
396,Bob,Rule,1,1967,29.6,18.1
397,Bob,Verga,0,1967,10.3,5
398,Gary,Gray,0,1967,6.3,2.4
399,Bill,Turner,0,1967,11.5,4.1
400,Nick,Jones,0,1967,14.4,5.4
401,Jim,Burns,0,1967,3.7,1.3
402,Cliff,Anderson,0,1967,5.2,1.4
403,Louie,Dampier,0,1967,20.4,6.6
404,Bobby,Lewis,0,1967,8.3,4.4
405,Paul,Long,0,1967,5.8,3.6
406,Plummer,Lott,0,1967,10.9,2.5
407,Dale,Schlueter,0,1967,18,5.8
408,Ed,Manning,0,1967,13.4,4
409,George,Carter,0,1967,5,3
410,Ron,Filipek,0,1967,3.8,2.3
411,Rick,Weitzman,0,1967,3,1.3
412,Mike,Riordan,0,1967,7.4,2.3
413,Roland,West,0,1967,3.5,1
414,Elvin,Hayes,1,1968,45.1,28.4
415,Wes,Unseld,1,1968,36.2,13.8
416,Bob,Kauffman,1,1968,20.2,7.8
417,Tom,Boerwinkle,0,1968,29.6,9.8
418,Zaid,Abdul-Aziz,0,1968,19.3,7.3
419,Otto,Moore,0,1968,21.7,7.7
420,Charlie,Paulk,0,1968,12.8,3
421,Gary,Gregor,0,1968,27.3,11.1
422,Ron,Williams,0,1968,19.6,7.8
423,Bill,Hosket,0,1968,7,2.6
424,Bill,Hewitt,0,1968,19.4,7.2
425,Don,Chaney,0,1968,10.4,4
426,Skip,Harlicka,0,1968,8.4,4.1
427,Shaler,Halimon,0,1968,7,3.7
428,Art,Harris,0,1968,31.9,12.4
429,Loy,Petersen,0,1968,7.9,2.8
430,Bob,Quick,0,1968,5.5,3.1
431,Manny,Leaks,0,1968,30.9,11
432,Dick,Cunningham,0,1968,16.1,4.6
433,Stu,Lantz,0,1968,18.9,7.8
434,Pat,Frink,0,1968,7.6,2.6
435,Fred,Foster,0,1968,8.9,3.4
436,Don,May,0,1968,11.7,4.2
437,Dave,Newmark,0,1968,14.3,5.6
438,Garfield,Smith,0,1968,7.6,2.9
439,Sam,Williams,0,1968,11.4,4.1
440,Harry,Barnes,0,1968,5.7,2
441,Mike,Lynn,0,1968,9.2,2.7
442,Rich,Niemann,0,1968,8,3.1
443,Rich,Johnson,0,1968,5.3,2.2
444,Greg,Smith,0,1968,27.9,8.1
445,Al,Hairston,0,1968,7,2.2
446,Jim,Eakins,0,1968,16.3,6
447,Bob,Allen,0,1968,8.6,1.8
448,Chuck,Williams,0,1968,13.3,3.4
449,Rick,Adelman,0,1968,18.8,6.3
450,Bill,Jones,0,1968,8.3,3.5
451,Barry,Orms,0,1968,14.3,2.8
452,Joe,Kennedy,0,1968,17.2,6.2
453,Dwight,Waller,0,1968,2.6,0.6
454,Jim,Marsh,0,1968,9.6,3.1
455,Ron,Boone,0,1968,36.8,22.2
456,Milt,Williams,0,1968,2.6,0.8
457,Kareem,Abdul-Jabbar,1,1969,43.1,28.8
458,Neal,Walk,0,1969,17,8.2
459,Lucius,Allen,0,1969,22.4,9.8
460,Terry,Driscoll,0,1969,18.2,5.4
461,Larry,Cannon,0,1969,17.6,6.2
462,Bingo,Smith,0,1969,16,7.3
463,Bob,Portman,0,1969,13.6,7
464,Herm,Gilliam,0,1969,20.4,7.5
465,Jo Jo,White,0,1969,22.1,12.2
466,Butch,Beard,1,1969,13.1,7
467,John,Warren,0,1969,6.2,2.5
468,Willie,McCarter,0,1969,21.5,7.7
469,Bud,Ogden,0,1969,7.6,4.1
470,Mike,Davis,0,1969,23.8,11.9
471,Rick,Roberson,0,1969,27.1,8.7
472,Bob,Greacen,0,1969,7.1,2.6
473,Willie,Norwood,0,1969,16.3,7.5
474,Bernie,Williams,0,1969,17.1,8.3
475,Johnny,Baum,0,1969,4.3,2
476,Wally,Anderzunas,0,1969,8.4,3.6
477,Dick,Garrett,0,1969,31.8,11.6
478,Lee,Winfield,0,1969,12,5.7
479,Lamar,Green,0,1969,12.1,4.2
480,Norm,Van Lier,1,1969,35.7,9.5
481,Luther,Rackley,0,1969,19,7.6
482,Eddie,Mast,0,1969,5.5,2
483,Luther,Green,0,1969,6.4,0.6
484,Fred,Carter,0,1969,16,5.2
485,Dennis,Stewart,0,1969,3,2
486,Bob,Dandridge,1,1969,30.4,13.2
487,Steve,Kuberski,0,1969,15.6,6.4
488,Dave,Scholz,0,1969,1,2
489,Rich,Jones,0,1969,25.8,10.6
490,Steve,Mix,1,1969,15.3,6.6
491,Willie,Wise,0,1969,18.7,8.2
492,George,Thompson,0,1969,27.2,10.7
493,Wil,Jones,0,1969,33.9,13
494,John,Arthurs,0,1969,7.8,3.2
495,Bob,Arnzen,0,1969,10.8,5.5
496,Bob,Christian,0,1969,9.7,2.8
497,George,Reynolds,0,1969,4.4,2.1
498,Justus,Thigpen,0,1969,5.5,2.6
499,Fatty,Taylor,0,1969,19.6,3.8
500,Mack,Calvin,0,1969,18.9,9.6
501,Grady,O'Malley,0,1969,4.7,2.1
502,Brian,Heaney,0,1969,5,2
503,Bob,Lanier,1,1970,24.6,15.6
504,Rudy,Tomjanovich,1,1970,13.8,5.3
505,Pete,Maravich,1,1970,36.1,23.2
506,Dave,Cowens,1,1970,38,17
507,Sam,Lacey,1,1970,32.7,13.5
508,Jim,Ard,0,1970,12.2,3.8
509,John,Johnson,1,1970,34.5,16.6
510,Geoff,Petrie,1,1970,37,24.8
511,George,Johnson,0,1970,14,3.9
512,Greg,Howard,0,1970,9.7,3.9
513,Jimmy,Collins,0,1970,8.7,4
514,Al,Henry,0,1970,4.3,1.2
515,Jim,McMillian,0,1970,21.6,8.4
516,John,Vallely,0,1970,8.4,3.7
517,John,Hummer,0,1970,32.6,11.3
518,Gary,Freeman,0,1970,7.3,3.2
519,Mike,Price,0,1970,4.5,1.5
520,Calvin,Murphy,1,1970,24.6,15.8
521,Tiny,Archibald,1,1970,35,16
522,Rex,Morgan,0,1970,7.8,3.4
523,Pete,Cross,0,1970,27.8,8
524,Cornell,Warner,0,1970,19.9,6
525,Walt,Gilmore,0,1970,9.7,2.1
526,Dave,Sorenson,0,1970,24.6,11.3
527,Fred,Taylor,0,1970,10.2,5.5
528,Paul,Ruffner,0,1970,6,3.4
529,Earnie,Killum,0,1970,3,0.2
530,Bill,Zopf,0,1970,7.5,2.2
531,Curtis,Perry,0,1970,5.6,2.9
532,Willie,Williams,0,1970,4.2,0.9
533,Greg,Hyder,0,1970,17.6,5.4
534,Gar,Heard,0,1970,15.8,5.9
535,Dennis,Awtrey,0,1970,18.5,7.2
536,Marv,Winkler,0,1970,4.7,2.7
537,Ralph,Ogden,0,1970,5.1,1.3
538,Bill,Stricker,0,1970,2,4
539,Larry,Mikan,0,1970,10.1,3
540,Levi,Fontaine,0,1970,6,3.8
541,Ron,Knight,0,1970,12.7,4.2
542,George,Johnson,0,1970,6.2,1.6
543,Bob,Riley,0,1970,5.6,1.9
544,Gary,Zeller,0,1970,4.5,1.7
545,Vic,Bartolome,0,1970,4.3,0.9
546,Joe,Cooke,0,1970,9.9,4.3
547,Joe,Thomas,0,1970,5.2,1.4
548,Billy,Paultz,0,1970,32.9,15.6
549,Charlie,Scott,1,1970,29.5,18.8
550,Claude,English,0,1970,3.9,1.5
551,Don,Adams,0,1970,29,11.4
552,Dan,Issel,1,1970,31.7,22.3
553,Herb,White,0,1970,8.3,2.4
554,Greg,Fillmore,0,1970,6.9,2.6
555,Coby,Dietrick,0,1970,21.6,8.4
556,Austin,Carr,1,1971,35.8,21.2
557,Sidney,Wicks,1,1971,39.6,24.5
558,Elmore,Smith,0,1971,40.8,17.3
559,Ken,Durrett,0,1971,12.3,4.4
560,George,Trapp,0,1971,14.8,6.5
561,Fred,Brown,1,1971,10.9,4.2
562,Cliff,Meely,0,1971,23.6,9.9
563,Darnell,Hillman,0,1971,28.1,10.7
564,Stan,Love,0,1971,17.9,7.9
565,Clarence,Glover,0,1971,4.8,2.6
566,Curtis,Rowe,1,1971,32.5,11.3
567,Jim,Cleamons,0,1971,5.3,2.6
568,John,Roche,0,1971,3.5,0.5
569,Kenny,McIntosh,0,1971,9.4,3.1
570,Dean,Meminger,0,1971,15,4.6
571,Steve,Patterson,0,1971,11.9,3.2
572,Fred,Hilton,0,1971,22.1,11.6
573,John,Mengelt,0,1971,18.4,10
574,Ted,McClain,0,1971,27.8,8.2
575,Jim,McDaniels,0,1971,19.6,9.4
576,Mike,Newlin,0,1971,18.2,7.6
577,Charlie,Yelverton,0,1971,17.8,7.9
578,Isaiah,Wilson,0,1971,6.7,3.5
579,Spencer,Haywood,1,1971,35.2,20.6
580,Howard,Porter,0,1971,10.9,6
581,Larry,Steele,0,1971,18.2,5.1
582,Jeff,Halliburton,0,1971,7.8,4
583,Clifford,Ray,0,1971,22.8,7
584,Jackie,Ridgle,0,1971,3.3,1.8
585,Rich,Rinaldi,0,1971,4.1,2.7
586,Dave,Robisch,0,1971,24.6,11.9
587,Marv,Roberts,0,1971,7.5,2.1
588,Dave,Wohl,0,1971,20.6,8.1
589,Mike,Gale,0,1971,31.7,10.3
590,Mo,Layton,0,1971,23.1,9.1
591,Dick,Gibbs,0,1971,11.8,3.7
592,Ken,Mayfield,0,1971,4.9,2.8
593,Sid,Catlett,0,1971,4.4,0.7
594,Tom,Owens,0,1971,10,4.1
595,Randy,Denton,0,1971,15.6,5.3
596,Roger,Brown,0,1971,5,1
597,Odis,Allison,0,1971,4.6,1.9
598,Barry,Nelson,0,1971,3.6,1.2
599,Gil,McGregor,0,1971,12.7,4.1
600,Charles,Johnson,0,1971,12.7,5.4
601,Jake,Jones,0,1971,11.9,4.5
602,Randy,Smith,1,1971,27.6,13.4
603,Artis,Gilmore,1,1971,35.1,18.6
604,Charlie,Davis,0,1971,18.8,9.8
605,Barry,Yates,0,1971,6,2.9
606,Goo,Kennedy,0,1971,8.7,2
607,Jackie,Dinkins,0,1971,4.9,2.5
608,LaRue,Martin,0,1972,12.9,4.4
609,Bob,McAdoo,1,1972,32,18
610,Dwight,Davis,0,1972,26.6,9.4
611,Corky,Calhoun,0,1972,24.7,6
612,Freddie,Boyd,0,1972,28.7,10.5
613,Russ,Lee,0,1972,6,2.8
614,Bud,Stallworth,0,1972,15.9,6.3
615,Tom,Riker,0,1972,4.6,2.5
616,Bob,Nash,0,1972,4.7,1.2
617,Paul,Westphal,1,1972,8,4.1
618,Ralph,Simpson,0,1972,20.7,11
619,Travis,Grant,0,1972,4.6,3.8
620,Bob,Davis,0,1972,4.6,1.8
621,Harold,Fox,0,1972,8.4,3.1
622,Jim,Price,1,1972,14,6.4
623,Chris,Ford,0,1972,20.8,6.4
624,Joby,Wright,0,1972,12.1,3.9
625,John,Gianelli,0,1972,9.9,3.5
626,Steve,Bracey,0,1972,15,6.5
627,Paul,Stovall,0,1972,8.4,3
628,Brian,Taylor,0,1972,34.6,17
629,Steve,Hawes,0,1972,16.3,5.9
630,Tom,Patterson,0,1972,4,2.4
631,Dave,Twardzik,0,1972,26.2,10.3
632,Mike,Ratliff,0,1972,11.7,4.2
633,Chuck,Terry,0,1972,10.3,1.9
634,Ollie,Johnson,0,1972,27.4,9.9
635,Lloyd,Neal,0,1972,33.2,13.4
636,Scott,English,0,1972,6.8,3.2
637,Don,Buse,1,1972,36.4,8
638,Frank,Russell,0,1972,5.7,3.2
639,Eric,McWilliams,0,1972,5.6,2
640,Ron,Riley,0,1972,22.1,8.4
641,Kevin,Porter,0,1972,17.1,6.6
642,Jim,Creighton,0,1972,5.4,1
643,Claude,Terry,0,1972,12.1,5.1
644,Bill,Chamberlain,0,1972,13.1,5.5
645,Frank,Schade,0,1972,8.4,1.1
646,Henry,Bibby,0,1972,8.6,4.2
647,Charles,Dudley,0,1972,8.2,2.8
648,Rowland,Garrett,0,1972,6,3.6
649,Bernie,Fryer,0,1972,20.9,7
650,Mickey,Davis,0,1972,14.1,5.1
651,Mark,Minor,0,1972,5,1.2
652,Mike,Barr,0,1972,16.8,3.9
653,Doug,Collins,1,1973,17.4,8
654,Jim,Brewer,0,1973,22.7,6.1
655,Ernie,DiGregorio,0,1973,35.9,15.2
656,Mike,Green,0,1973,25.4,9.8
657,Kermit,Washington,1,1973,8.9,3.8
658,Ed,Ratleff,0,1973,21.9,7.5
659,Ron,Behagen,0,1973,25.7,10.9
660,Mike,Bantom,0,1973,26.1,10.1
661,Dwight,Jones,0,1973,19.6,8
662,John,Brown,0,1973,22.3,9.3
663,Kevin,Kunnert,0,1973,11,3.6
664,Nick,Weatherspoon,0,1973,18.7,7.6
665,Mel,Davis,0,1973,5.6,2.6
666,Swen,Nater,0,1973,27.2,13
667,Steve,Downing,0,1973,5.7,2.7
668,Louie,Nelson,0,1973,11.3,4.9
669,Mike,D'Antoni,0,1973,19,4.8
670,Allan,Bristow,0,1973,11.7,4.7
671,George,McGinnis,1,1973,38.3,23
672,Larry,McNeill,0,1973,9.6,5.8
673,Tom,Ingelsby,0,1973,8.3,2.7
674,Derrek,Dickey,0,1973,14.1,4.3
675,Jim,Chones,0,1973,33.7,14.5
676,Gary,Melchionni,0,1973,18.1,7.2
677,Phil,Hankinson,0,1973,5.8,3.9
678,Ted,Manakas,0,1973,9,2.4
679,Joe,Reaves,0,1973,5.4,2.3
680,Bo,Lamar,0,1973,16.4,7.1
681,Tom,Kozelko,0,1973,11.7,2.9
682,Allie,McGuire,0,1973,5,2
683,Larry,Kenon,1,1973,37.6,21.9
684,E.C.,Coleman,0,1973,18.5,5.2
685,Luke,Witte,0,1973,12.8,4.5
686,Mark,Sibley,0,1973,4.4,1.6
687,George,Karl,0,1973,8.7,2.7
688,Dennis,Bell,0,1973,4,0
689,Mike,Macaluso,0,1973,3.7,1.6
690,John,Williamson,0,1973,34.5,20.8
691,Johnny,Neumann,0,1973,14.9,6
692,Tim,Bassett,0,1973,32.1,9
693,Nate,Hawthorne,0,1973,6.9,3.2
694,Jim,Owens,0,1973,5.9,3.1
695,Ben,Kelso,0,1973,6.5,1.8
696,Rod,Freeman,0,1973,7.6,3
697,Lynn,Greer,0,1973,10.5,4.1
698,Jim,Garvin,0,1973,1.8,0.3
699,Bill,Walton,1,1974,32.9,12.8
700,Marvin,Barnes,0,1974,18.7,9.6
701,Tom,Burleson,0,1974,23,10.1
702,Bobby,Jones,1,1974,29.5,15.1
703,Scott,Wedman,1,1974,31.9,11.1
704,Tom,Henderson,0,1974,27,11.4
705,Campy,Russell,1,1974,11.1,6.2
706,Tom,McMillen,0,1974,14.2,4.7
707,Mike,Sojourner,0,1974,29.2,11.7
708,Jamaal,Wilkes,1,1974,30.7,14.2
709,Brian,Winters,1,1974,22.3,11.7
710,Len,Elmore,0,1974,7.7,3
711,Maurice,Lucas,1,1974,36.2,20.2
712,Al,Eberhard,0,1974,8.1,2.3
713,Cliff,Pondexter,0,1974,17.7,5.8
714,Glenn,McDonald,0,1974,6.4,2.7
715,Gary,Brokaw,0,1974,22.5,8.1
716,Don,Smith,0,1974,10,5.2
717,Jan Van,Breda Kolff,0,1974,33.3,10.2
718,Billy,Knight,1,1974,40,26.6
719,Truck,Robinson,1,1974,13.1,5.8
720,Gus,Bailey,0,1974,9.5,2.6
721,Len,Kosmalski,0,1974,6.2,1.3
722,John,Drew,1,1974,29.3,18.5
723,Leonard,Gray,0,1974,30.4,11.5
724,Leon,Benbow,0,1974,6.5,2.2
725,Aaron,James,0,1974,22.8,11.7
726,Phil,Smith,1,1974,14.3,7.7
727,Dennis,DuVal,0,1974,3.7,1.6
728,Fred,Saunders,0,1974,15.3,6.1
729,Jesse,Dark,0,1974,8.5,3.6
730,Eric,Money,0,1974,13.5,4.8
731,Phil,Lumpkin,0,1974,16.5,4.2
732,Kevin,Stacom,0,1974,7.3,2.8
733,Connie,Norman,0,1974,6,4
734,Foots,Walker,0,1974,14.9,4.2
735,Kevin,Restani,0,1974,23.1,5.4
736,George,Gervin,1,1974,33,23.1
737,Harvey,Catchings,0,1974,14.3,2.6
738,Tal,Skinner,0,1974,21.6,4.8
739,Kim,Hughes,0,1974,25.7,4
740,Frank,Kendrick,0,1974,5,3.3
741,Earl,Williams,0,1974,13.2,4.7
742,Bobby,Wilson,0,1974,8.9,5.8
743,Mickey,Johnson,0,1974,7.7,3.8
744,Randy,Allen,0,1974,6.1,2.4
745,Bernie,Harris,0,1974,2.3,0.5
746,Stan,Washington,0,1974,4,0
747,Owen,Wells,0,1974,6.5,3
748,Dean,Tolson,0,1974,4.6,2.3
749,Greg,Jackson,0,1974,16.4,3.7
750,Ben,Clyde,0,1974,6.3,2.8
751,Dan,Anderson,0,1974,10.5,2.8
752,Wardell,Jackson,0,1974,16.8,4.3
753,Greg,Lee,0,1974,7,1.2
754,Perry,Warbington,0,1974,14,2
755,Ken,Boyd,0,1974,4.2,3.2
756,Al,Skinner,0,1974,28.6,12.6
757,Rod,Derline,0,1974,11.5,5.6
758,Bill,Ligon,0,1974,7.2,3.3
759,David,Thompson,1,1975,36.6,25.9
760,Dave,Meyers,0,1975,22.1,7.4
761,Marvin,Webster,0,1975,15.9,6.7
762,Alvan,Adams,1,1975,33.2,19
763,Darryl,Dawkins,0,1975,4.5,2.4
764,Lionel,Hollins,1,1975,25.6,10.8
765,Rich,Kelley,0,1975,17.9,7
766,Junior,Bridgeman,0,1975,20.3,8.6
767,Gene,Short,0,1975,6.5,2.5
768,Bill,Robinzine,0,1975,17.7,8
769,Frank,Oleynick,0,1975,12.5,5.9
770,Bob,Bigelow,0,1975,5.3,1.8
771,Joe,Bryant,0,1975,16,7.4
772,John,Lambert,0,1975,6.2,2.3
773,Ricky,Sobers,0,1975,24.3,9.2
774,Tom,Boswell,0,1975,7.9,2.7
775,Kevin,Grevey,0,1975,9,3.8
776,Bill,Willoughby,0,1975,14,4.7
777,Gus,Williams,1,1975,22.4,11.7
778,Bruce,Seals,0,1975,30.1,11.8
779,Clyde,Mayes,0,1975,14.6,4.4
780,World,B. Free,1,1975,15.8,8.3
781,Bob,Gross,0,1975,19.4,6.8
782,Ticky,Burden,0,1975,10,5.7
783,Dan,Roundfield,1,1975,27,13.9
784,Steve,Green,0,1975,13.1,6.4
785,Glenn,Hansen,0,1975,17.3,6.5
786,John,Laskowski,0,1975,22.1,9.2
787,Larry,Fogle,0,1975,7,1
788,Allen,Murphy,0,1975,9,2.5
789,Rudy,Hackett,0,1975,7.7,2.3
790,Jim,McElroy,0,1975,22.2,7.5
791,Rudy,White,0,1975,8.9,3.2
792,Tom,Kropp,0,1975,2.9,0.8
793,Gus,Gerard,0,1975,16.1,7.4
794,Robert,Hawkins,0,1975,4.8,3.9
795,Jerome,Anderson,0,1975,5.7,2.8
796,C.J.,Kupec,0,1975,3.4,1.7
797,Monte,Towe,0,1975,8,2.5
798,Eric,Fernsten,0,1975,7.2,2.5
799,David,Vaughn,0,1975,30.2,11.7
800,Lindsay,Hairston,0,1975,13.9,5.8
801,Wilbur,Holland,0,1975,10.6,5.8
802,Don,Ford,0,1975,24.2,9.6
803,Henry,Ward,0,1975,6.3,3.1
804,Mike,Flynn,0,1975,18.1,8.2
805,Andre,McCarter,0,1975,12.3,4.6
806,Terry,Thomas,0,1975,4.9,2.8
807,Eric,Anderson,0,1975,2.8,1.3
808,John,Lucas,0,1976,30.9,11.1
809,Scott,May,0,1976,32.9,14.6
810,Richard,Washington,0,1976,27.6,13
811,Leon,Douglas,0,1976,19.8,7.5
812,Wally,Walker,0,1976,9.5,5.2
813,Adrian,Dantley,1,1976,36.6,20.3
814,Quinn,Buckner,0,1976,26.5,8.6
815,Robert,Parish,1,1976,18,9.1
816,Armond,Hill,0,1976,22.5,6
817,Ron,Lee,0,1976,22.5,10.2
818,Bob,Wilkerson,0,1976,19.9,6.7
819,Terry,Furlow,0,1976,5.4,2.6
820,Mitch,Kupchak,0,1976,18.5,10.4
821,Larry,Wright,0,1976,18.2,7.8
822,Norm,Cook,0,1976,5.5,2.5
823,Sonny,Parker,0,1976,13.7,5.8
824,Bayard,Forrest,0,1976,13.9,4.2
825,Earl,Tatum,0,1976,18.4,9.4
826,Johnny,Davis,0,1976,18.4,8
827,Alex,English,1,1976,10.8,5.2
828,Scott,Lloyd,0,1976,14.9,5.8
829,Lonnie,Shelton,1,1976,25.7,11.6
830,Phil,Hicks,0,1976,7.1,2.5
831,Dennis,Johnson,1,1976,20.6,9.2
832,Joe,Pace,0,1976,4,2.1
833,Mo,Howard,0,1976,10.8,4.8
834,Butch,Feher,0,1976,10.1,5.2
835,Marshall,Rogers,0,1976,6.8,3.8
836,Phil,Sellers,0,1976,7.5,4.5
837,Lloyd,Walton,0,1976,12.8,4.3
838,Tom,Abernethy,0,1976,19.7,6.3
839,Ira,Terrell,0,1976,22.4,8.5
840,Tom,Barker,0,1976,22.9,8.1
841,Nate,Williams,0,1976,26.8,11.9
842,Ron,Davis,0,1976,9.6,2.9
843,Paul,Griffin,0,1976,20.3,5.2
844,Andre,McCarter,0,1976,12.3,4.6
845,Mike,Dunleavy,0,1976,11.2,4.8
846,Andy,Walker,0,1976,10.9,4.5
847,Ron,Johnson,0,1976,7.4,2.6
848,Kent,Benson,0,1977,18.7,7.7
849,Otis,Birdsong,1,1977,25.7,15.8
850,Marques,Johnson,1,1977,34.6,19.5
851,Greg,Ballard,0,1977,12.3,4.9
852,Walter,Davis,1,1977,32,24.2
853,Kenny,Carr,0,1977,14.1,6.2
854,Bernard,King,1,1977,39.1,24.2
855,Jack,Sikma,1,1977,27.3,10.7
856,Tom,LaGarde,0,1977,11.3,4
857,Ray,Williams,0,1977,19.1,9.3
858,Ernie,Grunfeld,0,1977,17.3,6.9
859,Cedric,Maxwell,0,1977,16.8,7.3
860,Tate,Armstrong,0,1977,10.8,4.3
861,Tree,Rollins,0,1977,22.4,7.6
862,Brad,Davis,0,1977,10.1,2.5
863,Rickey,Green,1,1977,14.4,4.5
864,Bo,Ellis,0,1977,15.6,4.3
865,Wesley,Cox,0,1977,10.5,4.6
866,Rich,Laurel,0,1977,5.7,2.4
867,Glenn,Mosley,0,1977,3.5,2.2
868,Anthony,Roberts,0,1977,19.5,9.5
869,Norm,Nixon,1,1977,34.3,13.7
870,Mike,Glenn,0,1977,16.9,7.9
871,Larry,Johnson,0,1977,9.5,1.5
872,Wilson,Washington,0,1977,14.8,6
873,Glen,Gondrezick,0,1977,14.1,4.8
874,Alonzo,Bradley,0,1977,18.6,7
875,Alonzo,Bradley,0,1977,7.2,2.8
876,Alonzo,Bradley,0,1977,4.4,1.9
877,Steve,Sheppard,0,1977,10.9,4.3
878,Eddie,Owens,0,1977,7.9,2.6
879,Toby,Knight,0,1977,14.6,6.3
880,Eddie,Jordan,0,1977,16.6,7.7
881,Larry,Moffett,0,1977,5.5,0.8
882,Mark,Landsberger,0,1977,14.9,5.6
883,Ben,Poquette,0,1977,12,4.5
884,Phil,Walker,0,1977,9.6,4.5
885,Robert,Reid,0,1977,23.1,7.3
886,T.R.,Dunn,0,1977,12.2,3.8
887,James,Edwards,0,1977,29,15.2
888,Eddie,Johnson,1,1977,23.7,10.5
889,Joe,Hassett,0,1977,8.4,4
890,John,Kuester,0,1977,15.6,4.8
891,Phil,Bond,0,1977,3,0.6
892,Robert,Smith,0,1977,8.4,2.7
893,Mike,Bratz,0,1977,11.7,4.7
894,Lewis,Brown,0,1977,2.5,1
895,Greg,Griffin,0,1977,11.7,4
896,Tony,Robertson,0,1977,14.7,5.9
897,Scott,Sims,0,1977,7.9,2.5
898,Ray,Epps,0,1977,5.5,2
899,Mark,Crow,0,1977,10.3,5.6
900,Tom,Scheffler,0,1977,6.9,1.3
901,Alvin,Scott,0,1977,19,6.1
902,Lars,Hansen,0,1977,13.7,5.1
903,Ricky,Marsh,0,1977,14.2,4.5
904,John,Olive,0,1977,5.6,1.3
905,Mychal,Thompson,0,1978,29.4,14.7
906,Phil,Ford,0,1978,34.5,15.9
907,Rick,Robey,0,1978,22.3,10.4
908,Micheal,Ray Richardson,1,1978,16.9,6.5
909,Purvis,Short,0,1978,22.7,10.6
910,Larry,Bird,1,1978,36,21.3
911,Ron,Brewer,0,1978,30.3,13.3
912,Freeman,Williams,0,1978,16.6,10.4
913,Reggie,Theus,1,1978,33.6,16.3
914,Butch,Lee,0,1978,21.7,9.2
915,James,Hardy,0,1978,21.4,6.7
916,George,Johnson,0,1978,17.3,6.2
917,Winford,Boynes,0,1978,17,9.3
918,Roger,Phegley,0,1978,5.3,2.8
919,Mike,Mitchell,1,1978,19.7,10.7
920,Jack,Givens,0,1978,18.2,7.7
921,Dave,Corzine,0,1978,9,3
922,Marty,Byrnes,0,1978,16,6.1
923,Frankie,Sanders,0,1978,10.4,5.7
924,Raymond,Townsend,0,1978,11.9,4.7
925,Terry,Tyler,0,1978,31.2,12.9
926,Keith,Herron,0,1978,5.8,2.9
927,Rick,Wilson,0,1978,9.7,3
928,Ron,Carter,0,1978,7.2,3.1
929,Wayne,Radford,0,1978,12.5,3.9
930,John,Long,0,1978,30.5,16.1
931,Jeff,Judkins,0,1978,18.8,8.8
932,John,Rudd,0,1978,12.5,3.2
933,Harry,Davis,0,1978,9.8,4
934,Greg,Bunch,0,1978,8.1,2.3
935,Tommie,Green,0,1978,13.7,3.9
936,Wayne,Cooper,0,1978,12.2,4.6
937,Jerome,Whitehead,0,1978,4.9,1.2
938,Clemon,Johnson,0,1978,10.7,3.2
939,Michael,Cooper,0,1978,2.3,2
940,Dave,Batton,0,1978,10.3,3.3
941,Joel,Kramer,0,1978,17.1,5.9
942,Gerald,Henderson,0,1978,14,6.2
943,Jackie,Robinson,0,1978,8.8,3.8
944,Mel,Davis,0,1978,5.6,2.6
945,Otis,Howard,0,1978,8.1,4.2
946,Duck,Williams,0,1978,23.3,6.6
947,Ralph,Drollinger,0,1978,11.2,2.5
948,Andre,Wakefield,0,1978,8,2.4
949,Stan,Pietkiewicz,0,1978,8,1
950,Tony,Smith,0,1978,10.9,3.7
951,Kim,Anderson,0,1978,10.7,3
952,Steve,Malovic,0,1978,11.4,2.1
953,Earl,Evans,0,1978,10.6,4.4
954,Carl,Kilpatrick,0,1978,3,1.5
955,Magic,Johnson,1,1979,36.3,18
956,Bill,Cartwright,1,1979,38.4,21.7
957,Greg,Kelser,0,1979,24.7,14.2
958,Sidney,Moncrief,1,1979,20.2,8.5
959,James,Bailey,0,1979,10.8,4.7
960,Vinnie,Johnson,0,1979,8.6,3.2
961,Calvin,Natt,1,1979,36.6,19.9
962,Larry,Demic,0,1979,22.8,7
963,Roy,Hamilton,0,1979,15.5,4.6
964,Cliff,Robinson,0,1979,23.7,13.6
965,Jim,Paxson,1,1979,17.6,6.2
966,Dudley,Bradley,0,1979,24.7,8.4
967,Brad,Holland,0,1979,5.2,2.8
968,Phil,Hubbard,0,1979,18.6,9.1
969,Jim,Spanarkel,0,1979,11.1,5
970,Lee,Johnson,0,1979,7.5,1.4
971,Reggie,King,0,1979,25,8.2
972,Wiley,Peck,0,1979,12.1,3.5
973,Sly,Williams,0,1979,9.8,4.7
974,Johnny,High,0,1979,13.7,5
975,Bruce,Flowers,0,1979,13.2,4.9
976,Reggie,Carter,0,1979,8.9,2.8
977,Gary,Garland,0,1979,14.2,4.3
978,Edgar,Jones,0,1979,15.8,8.7
979,Tony,Zeno,0,1979,7.4,1.8
980,Clint,Richardson,0,1979,19,6.7
981,Bernard,Toone,0,1979,5.4,2.4
982,Paul,Mokeski,0,1979,9.4,2.4
983,Arvid,Kramer,0,1979,5.6,2
984,Calvin,Garrett,0,1979,23.4,6.1
985,Terry,Duerod,0,1979,19.9,9.3
986,Cedrick,Hordges,0,1979,23.5,8.4
987,Geoff,Huston,0,1979,13,3.1
988,Cheese,Johnson,0,1979,5.9,3
989,Earl,Cureton,0,1979,10.2,4.2
990,Terry,Crosby,0,1979,7,1.5
991,Sylvester,Norris,0,1979,11.1,2.4
992,Bill,Laimbeer,1,1979,30.4,9.8
993,Greg,Deane,0,1979,6.9,1.4
994,James,Donaldson,1,1979,14.4,5.3
995,Allen,Leavell,0,1979,27.6,10.9
996,Paul,Dawkins,0,1979,13.6,5.5
997,Keith,McCord,0,1979,4.5,2
998,Joe,Barry Carroll,1,1980,35.6,18.9
999,Darrell,Griffith,0,1980,35.4,20.6
1000,Kevin,McHale,1,1980,20.1,10
1001,Kelvin,Ransey,0,1980,30.4,15.2
1002,James,Ray,0,1980,8.2,2.1
1003,Mike,O'Koren,0,1980,31.3,11
1004,Mike,Gminski,0,1980,28.2,13.2
1005,Andrew,Toney,1,1980,23.6,12.9
1006,Michael,Brooks,0,1980,30.2,14.7
1007,Ronnie,Lester,0,1980,10.4,3.8
1008,Kiki,Vandeweghe,1,1980,27,11.5
1009,Mike,Woodson,0,1980,11.7,4.7
1010,Rickey,Brown,0,1980,12.9,4
1011,Wes,Matthews,0,1980,28.7,12.4
1012,Reggie,Johnson,0,1980,21.7,10.2
1013,Hawkeye,Whitney,0,1980,16.6,7.4
1014,Larry,Drew,0,1980,20.8,6.6
1015,Don,Collins,0,1980,22.8,11.5
1016,John,Duren,0,1980,11.4,1.8
1017,Bill,Hanzlik,0,1980,17,5.4
1018,Monti,Davis,0,1980,5,1.5
1019,Chad,Kinch,0,1980,8.6,2.9
1020,Carl,Nicks,0,1980,16.6,6.2
1021,Larry,Smith,0,1980,31.4,9.6
1022,Jeff,Ruland,1,1980,27,14.4
1023,Sam,Worthen,0,1980,14.8,3.7
1024,John,Stroud,0,1980,9.8,2.8
1025,Craig,Shelton,0,1980,10.7,4.3
1026,Louis,Orr,0,1980,21.8,10.5
1027,Kenny,Natt,0,1980,7.8,3.1
1028,Wayne,Robinson,0,1980,19.7,7.9
1029,Rick,Mahorn,0,1980,13.4,4.8
1030,DeWayne,Scales,0,1980,11,4.9
1031,Butch,Carter,0,1980,12.4,5.6
1032,Michael,Wiley,0,1980,8.2,5.7
1033,Dick,Miller,0,1980,6.6,1
1034,Jawann,Oldham,0,1980,5.2,1
1035,Brad,Branson,0,1980,17.6,5.3
1036,Kurt,Nimphius,0,1980,17.2,5.3
1037,James,Wilkes,0,1980,11.2,4.1
1038,Ronnie,Valentine,0,1980,5.1,3.5
1039,Lowes,Moore,0,1980,19.8,7
1040,Mike,Harper,0,1980,8.4,2.7
1041,Dave,Britton,0,1980,4.5,2
1042,Rich,Yonakor,0,1980,7,3.3
1043,Darwin,Cook,0,1980,24.4,11.2
1044,Rory,Sparrow,0,1980,14.1,3.7
1045,Tony,Jackson,0,1980,7,1
1046,Tony,Fuller,0,1980,16.5,4
1047,Wally,Rank,0,1980,6.1,2.2
1048,Darrell,Allums,0,1980,12.5,2.7
1049,Lorenzo,Romar,0,1980,13.7,4.1
1050,John,Stroeder,0,1980,6.6,1.9
1051,Clarence,Kea,0,1980,12.4,7.3
1052,Billy,Reid,0,1980,10.1,3.2
1053,Mark,Aguirre,1,1981,28.8,18.7
1054,Isiah,Thomas,1,1981,33.8,17
1055,Buck,Williams,1,1981,34.5,15.5
1056,Al,Wood,0,1981,19.4,9.5
1057,Danny,Vranes,0,1981,14,4.9
1058,Orlando,Woolridge,0,1981,15.8,7.3
1059,Steve,Johnson,1,1981,22.3,12.8
1060,Tom,Chambers,1,1981,33.1,17.2
1061,Rolando,Blackman,1,1981,24.1,13.3
1062,Albert,King,0,1981,22.3,12.1
1063,Frank,Johnson,0,1981,25.7,10.7
1064,Kelly,Tripucka,1,1981,37.5,21.6
1065,Danny,Schayes,0,1981,19.8,7.9
1066,Herb,Williams,0,1981,27.8,11.5
1067,Jeff,Lamp,0,1981,11.4,4.6
1068,Darnell,Valentine,0,1981,16.9,6.4
1069,Kevin,Loder,0,1981,16,6.9
1070,Ray,Tolbert,0,1981,9.5,3.4
1071,Mike,McGee,0,1981,9,4.9
1072,Larry,Nance,1,1981,14.8,6.6
1073,Alton,Lister,0,1981,14.8,4.5
1074,Franklin,Edwards,0,1981,6.9,3.6
1075,Charles,Bradley,0,1981,6.6,3
1076,Jay,Vincent,0,1981,32.4,21.4
1077,Tracy,Jackson,0,1981,9.8,4
1078,Howard,Wood,0,1981,8.1,3.4
1079,Gene,Banks,0,1981,21.2,9.6
1080,Eddie,Johnson,0,1981,20.5,9.3
1081,Ed,Rains,0,1981,13,3.9
1082,Danny,Ainge,1,1981,10.6,4.1
1083,Sam,Williams,0,1981,18.2,6.1
1084,Charles,Davis,0,1981,10.6,3.8
1085,Ray,Blume,0,1981,11.1,4.6
1086,Elston,Turner,0,1981,24.9,8.3
1087,Steve,Lingenfelter,0,1981,7.6,1.1
1088,David,Burns,0,1981,9.7,2.6
1089,Rudy,Macklin,0,1981,19.2,7
1090,Mark,Radford,0,1981,8.6,3.4
1091,Jim,Smith,0,1981,11.9,2.9
1092,Mickey,Dillard,0,1981,6.7,2.2
1093,Frank,Brickowski,0,1981,14.3,4.9
1094,Petur,Gudmundsson,0,1981,12.4,3.2
1095,Craig,Dykema,0,1981,3.2,1.3
1096,Lewis,Lloyd,0,1981,5.9,3.6
1097,Kenny,Dennard,0,1981,20.2,5
1098,Ron,Davis,0,1981,9.6,2.9
1099,Larry,Spriggs,0,1981,9.2,3.5
1100,Pete,Verhoeven,0,1981,17,4.9
1101,Alex,Bradley,0,1981,8.5,3.5
1102,Kevin,McKenna,0,1981,6.6,1.9
1103,Joe,Cooper,0,1981,11,2
1104,Hank,McDowell,0,1981,11.2,3.2
1105,Garry,Witts,0,1981,10.7,2.9
1106,Roger,Burkman,0,1981,5,0.8
1107,Scott,Williams,0,1981,6.6,2.5
1108,Bobby,Cattage,0,1981,6.9,3.1
1109,Derrick,Rowland,0,1981,4.5,1.5
1110,James,Worthy,1,1982,25.6,13.4
1111,Terry,Cummings,1,1982,36.2,23.7
1112,Dominique,Wilkins,1,1982,32.9,17.5
1113,Bill,Garnett,0,1982,18.8,6.3
1114,LaSalle,Thompson,0,1982,13.9,5.4
1115,Trent,Tucker,0,1982,23.5,8.4
1116,Quintin,Dailey,0,1982,27.4,15.1
1117,Clark,Kellogg,0,1982,34.1,20.1
1118,Cliff,Levingston,0,1982,14.2,5.6
1119,Keith,Edmonson,0,1982,9.7,3.5
1120,Fat,Lever,1,1982,24.9,7.8
1121,John,Bagley,0,1982,14.6,5.7
1122,Sleepy,Floyd,1,1982,16.4,8.1
1123,Lester,Conner,0,1982,18.9,4.9
1124,David,Thirdkill,0,1982,10.6,4
1125,Terry,Teagle,0,1982,23.4,10.4
1126,Brook,Steppe,0,1982,9.8,4
1127,Ricky,Pierce,1,1982,6.8,2.2
1128,Rob,Williams,0,1982,19.5,7
1129,Paul,Pressey,0,1982,19.3,6.7
1130,Eddie,Phillips,0,1982,8.7,3.2
1131,Mark,McNamara,0,1982,5.1,2.2
1132,Darren,Tillis,0,1982,10.1,3.2
1133,Oliver,Robinson,0,1982,4.2,2.9
1134,Bryan,Warrick,0,1982,16.9,4
1135,Dave,Magley,0,1982,4,0.9
1136,Scott,Hastings,0,1982,4.5,1.2
1137,Wallace,Bryant,0,1982,10.9,4.1
1138,Rod,Higgins,0,1982,26.8,10.3
1139,Richard,Anderson,0,1982,16.3,5.2
1140,Linton,Townes,0,1982,9.4,4.5
1141,Vince,Taylor,0,1982,10.4,3.1
1142,Derek,Smith,0,1982,5.7,2.2
1143,J.J.,Anderson,0,1982,18.5,7.4
1144,Audie,Norris,0,1982,10.4,2.2
1145,Wayne,Sappleton,0,1982,9,2.9
1146,Guy,Morgan,0,1982,5.8,1.9
1147,Dwight,Anderson,0,1982,6.6,4.2
1148,Jeff,Taylor,0,1982,17.6,3.6
1149,Jose,Slaughter,0,1982,8.2,3.6
1150,Mike,Gibson,0,1982,7.2,1.7
1151,Russ,Schoene,0,1982,15.9,6.2
1152,Craig,Hodges,0,1982,26.6,9.9
1153,Corny,Thompson,0,1982,11.8,2.8
1154,Jim,Johnstone,0,1982,8.3,1.3
1155,Jerry,Eaves,0,1982,19.4,9.3
1156,Joe,Kopicki,0,1982,11.8,3.9
1157,Chris,Engler,0,1982,6.8,1.5
1158,Charles,Pittman,0,1982,6.1,2.2
1159,Chuck,Nevitt,0,1982,10.7,3.8
1160,John,Greig,0,1982,2.9,2.1
1161,Mark,Eaton,1,1982,18.9,4.3
1162,Mike,Sanders,0,1982,15.1,7
1163,Chuck,Aleksinas,0,1982,15.1,5.1
1164,Walker,Russell,0,1982,11.1,2.7
1165,Rory,White,0,1982,9.6,5
1166,Ed,Nealy,0,1982,20,4.4
1167,Ralph,Sampson,1,1983,32.8,21
1168,Steve,Stipanovich,0,1983,30,12
1169,Rodney,McCray,0,1983,26.3,10.8
1170,Byron,Scott,0,1983,22.1,10.6
1171,Sidney,Green,0,1983,13.6,5.2
1172,Russell,Cross,0,1983,7.9,3.7
1173,Thurl,Bailey,0,1983,24.8,8.5
1174,Antoine,Carr,0,1983,19.3,8
1175,Dale,Ellis,1,1983,15.8,8.2
1176,Jeff,Malone,1,1983,24.4,12.1
1177,Derek,Harper,0,1983,20.9,5.7
1178,Darrell,Walker,0,1983,16.1,7.9
1179,Ennis,Whatley,0,1983,27,8.3
1180,Clyde,Drexler,1,1983,17.2,7.7
1181,Howard,Carter,0,1983,12.5,6.2
1182,Jon,Sundvold,0,1983,17.6,6.9
1183,Leo,Rautins,0,1983,7,1.7
1184,Randy,Breuer,0,1983,8.3,2.9
1185,John,Paxson,0,1983,9.3,2.9
1186,Roy,Hinson,0,1983,23.2,5.5
1187,Greg,Kite,0,1983,5.6,1.9
1188,Randy,Wittman,0,1983,13.7,4.5
1189,Mitchell,Wiggins,0,1983,25.9,12.4
1190,Stewart,Granger,0,1983,13.2,4.5
1191,Sidney,Lowe,0,1983,15.9,4.2
1192,Leroy,Combs,0,1983,9.3,4.5
1193,John,Garris,0,1983,8.1,4
1194,Rod,Foster,0,1983,17.8,8.3
1195,Larry,Micheaux,0,1983,8.5,3.1
1196,Mark,West,0,1983,5.9,1.1
1197,Doc,Rivers,1,1983,23.9,9.3
1198,Guy,Williams,0,1983,5.7,2.9
1199,Darrell,Lockhart,0,1983,7,2
1200,Scooter,McCray,0,1983,11.1,2.7
1201,Chris,McNealy,0,1983,20.9,5.7
1202,Granville,Waiters,0,1983,13.3,3.6
1203,Jim,Thomas,0,1983,16.9,6.3
1204,Pace,Mannion,0,1983,8.2,2.1
1205,Kevin,Williams,0,1983,10.5,3.9
1206,Craig,Ehlo,0,1983,9,3.3
1207,Paul,Thompson,0,1983,21.1,9
1208,Darren,Daye,0,1983,15.7,6.1
1209,John,Pinone,0,1983,9.3,2.9
1210,Bruce,Kuczenski,0,1983,7.9,1.9
1211,Tom,Piotrowski,0,1983,4.3,1.7
1212,Mark,Jones,0,1983,2.7,1.2
1213,Brant,Weidner,0,1983,4.8,1
1214,Carlos,Clark,0,1983,4.1,1.7
1215,Ken,Austin,0,1983,4,1.7
1216,Sedale,Threatt,0,1983,10.3,3.3
1217,Dane,Suttle,0,1983,11.7,6.5
1218,Keith,Smith,0,1983,11,3.3
1219,Hakeem,Olajuwon,1,1984,35.5,20.6
1220,Sam,Bowie,0,1984,29.2,10
1221,Michael,Jordan,1,1984,38.3,28.2
1222,Sam,Perkins,0,1984,28.3,11
1223,Charles,Barkley,1,1984,28.6,14
1224,Alvin,Robertson,1,1984,21.3,9.2
1225,Lancaster,Gordon,0,1984,10.8,4.1
1226,Otis,Thorpe,1,1984,23.4,12.8
1227,Leon,Wood,0,1984,7.1,3.2
1228,Kevin,Willis,1,1984,21.8,9.3
1229,Tim,McCormick,0,1984,20.3,9.3
1230,Jay,Humphries,0,1984,25.8,8.8
1231,Michael,Cage,0,1984,21.5,7.1
1232,Terence,Stansbury,0,1984,17.3,7.1
1233,John,Stockton,1,1984,18.2,5.6
1234,Jeff,Turner,0,1984,19.8,5.8
1235,Vern,Fleming,0,1984,31.1,14.1
1236,Bernard,Thompson,0,1984,9.1,3.3
1237,Tony,Campbell,0,1984,11.2,5.6
1238,Kenny,Fields,0,1984,10.5,3.8
1239,Tom,Sewell,0,1984,4.1,1
1240,Earl,Jones,0,1984,3.5,0
1241,Michael,Young,0,1984,5.5,2
1242,Devin,Durrant,0,1984,12.8,5.1
1243,Ron,Anderson,0,1984,14.4,5.8
1244,Cory,Blackwell,0,1984,9.2,3.4
1245,Stuart,Gray,0,1984,7.5,2
1246,Steve,Burtt,0,1984,8.9,4.2
1247,Jay,Murphy,0,1984,6.5,1.2
1248,Steve,Colter,0,1984,18.7,7.1
1249,Othell,Wilson,0,1984,17,4.4
1250,Charlie,Sitton,0,1984,7.1,2.1
1251,Danny,Young,0,1984,8.7,1.3
1252,Tom,Sluby,0,1984,4.9,2.4
1253,Willie,White,0,1984,6,3.3
1254,Gary,Plummer,0,1984,10.6,3.8
1255,Jerome,Kersey,0,1984,12.4,6.1
1256,Ben,McDonald,0,1984,12.7,2.9
1257,Jim,Petersen,0,1984,11.9,3.2
1258,Jeff,Cross,0,1984,6.1,1.2
1259,David,Pope,0,1984,5.9,1.9
1260,Butch,Graves,0,1984,2.8,1.2
1261,Rick,Carlisle,0,1984,4.7,1.8
1262,Ralph,Jackson,0,1984,12,2
1263,Bob,Thornton,0,1984,18.6,4.6
1264,Ozell,Jones,0,1984,13.3,3.7
1265,Willie,Burton,0,1984,25.4,12
1266,Eddie,Lee Wilkins,0,1984,17,5.5
1267,Kenton,Edelin,0,1984,14.3,1.1
1268,Ken,Bannister,0,1984,18.7,6.8
1269,Patrick,Ewing,1,1985,35.4,20
1270,Wayman,Tisdale,0,1985,28.1,14.7
1271,Benoit,Benjamin,0,1985,26.4,11.1
1272,Xavier,McDaniel,1,1985,33,17.1
1273,Jon,Koncak,0,1985,20.7,8.3
1274,Joe,Kleine,0,1985,14.8,5.2
1275,Chris,Mullin,1,1985,25.2,14
1276,Detlef,Schrempf,1,1985,15.1,6.2
1277,Charles,Oakley,1,1985,23,9.6
1278,Ed,Pinckney,0,1985,20,8.5
1279,Keith,Lee,0,1985,20.6,7.4
1280,Kenny,Green,0,1985,11,4.9
1281,Karl,Malone,1,1985,30.6,14.9
1282,Alfredrick,Hughes,0,1985,12.7,5.2
1283,Blair,Rasmussen,0,1985,6.9,3.2
1284,Bill,Wennington,0,1985,10,3.4
1285,Uwe,Blab,0,1985,8.5,2.6
1286,Joe,Dumars,1,1985,23.9,9.4
1287,Steve,Harris,0,1985,8.5,4.5
1288,Sam,Vincent,0,1985,7.7,3.2
1289,Terry,Catledge,0,1985,17.1,7.7
1290,Jerry,Reynolds,0,1985,9.2,3.7
1291,A.C.,Green,1,1985,18.8,6.4
1292,Terry,Porter,1,1985,15.4,7.1
1293,Mike,Smrek,0,1985,10.7,2.8
1294,Bill,Martin,0,1985,10.5,5
1295,Dwayne,McClain,0,1985,10.2,3.5
1296,Ken,Johnson,0,1985,12.7,4.1
1297,Mike,Brittain,0,1985,6.8,1.7
1298,Manute,Bol,0,1985,26.1,3.7
1299,Nick,Vanos,0,1985,18.4,4.9
1300,Greg,Stokes,0,1985,11.3,4.1
1301,Tyrone,Corbin,0,1985,10.9,4
1302,Yvon,Joseph,0,1985,5,2
1303,Carey,Scurry,0,1985,15,4.7
1304,Mark,Acres,0,1985,14.6,3.6
1305,Lorenzo,Charles,0,1985,7.6,3.4
1306,Voise,Winters,0,1985,4.2,1.5
1307,Hot,Rod Williams,0,1985,33.9,14.6
1308,Gerald,Wilkins,0,1985,25,12.6
1309,Brad,Wright,0,1985,9.9,3.7
1310,Sedric,Toney,0,1985,17.7,6.2
1311,Harold,Keeling,0,1985,3.8,2.2
1312,Michael,Adams,1,1985,7.7,2.2
1313,Mike,Brown,0,1985,13.2,4.2
1314,Fred,Cofield,0,1985,10.4,3.7
1315,Alex,Stivrins,0,1985,5,1
1316,Mark,Davis,0,1985,10,3.3
1317,Mark,Davis,0,1985,7.8,3.8
1318,Scott,Roth,0,1985,7.7,3.2
1319,John,Battle,0,1985,10,4.3
1320,Spud,Webb,0,1985,15.6,7.8
1321,Pete,Williams,0,1985,10.8,2.8
1322,Cozell,McQueen,0,1985,2.3,2
1323,Malcolm,Thomas,0,1985,5,0.3
1324,Ralph,Lewis,0,1985,6.2,1.7
1325,Michael,Phelps,0,1985,12.6,4
1326,Georgi,Glouchkov,0,1985,15.8,4.9
1327,Mario,Elie,0,1985,19.5,7.2
1328,Brad,Daugherty,1,1986,33.7,15.7
1329,Chris,Washburn,0,1986,11,3.8
1330,Chuck,Person,0,1986,36,18.8
1331,Kenny,Walker,0,1986,25.3,10.4
1332,William,Bedford,0,1986,19.6,6.7
1333,Roy,Tarpley,0,1986,18.7,7.5
1334,Ron,Harper,0,1986,37.4,22.9
1335,Brad,Sellers,0,1986,22,8.5
1336,Johnny,Dawkins,0,1986,20.8,10.3
1337,John,Salley,0,1986,17.8,5.3
1338,John,Williams,0,1986,22.7,9.2
1339,Pearl,Washington,0,1986,22.2,8.6
1340,Walter,Berry,0,1986,25.2,15.9
1341,Dell,Curry,0,1986,9.5,4.9
1342,Maurice,Martin,0,1986,6.7,3.4
1343,Harold,Pressley,0,1986,13.6,4.6
1344,Mark,Alarie,0,1986,17.3,7.9
1345,Billy,Thompson,0,1986,12.9,5.6
1346,Buck,Johnson,0,1986,8.7,3.8
1347,Anthony,Jones,0,1986,13.2,5
1348,Scott,Skiles,0,1986,15.8,3.8
1349,Arvydas,Sabonis,0,1986,23.8,14.5
1350,Mark,Price,1,1986,18.2,6.9
1351,Greg,Dreiling,0,1986,5.3,1.8
1352,Dennis,Rodman,1,1986,15,6.5
1353,Larry,Krystkowiak,0,1986,14.8,6.6
1354,Johnny,Newman,0,1986,10.7,5
1355,Nate,McMillan,0,1986,27.8,5.3
1356,Cedric,Henderson,0,1986,2,1.4
1357,Kevin,Duckworth,1,1986,13.5,5.4
1358,Johnny,Rogers,0,1986,10.4,4.2
1359,Rafael,Addison,0,1986,11.5,5.8
1360,Otis,Smith,0,1986,6,2.8
1361,Dave,Feitl,0,1986,8,3.7
1362,David,Wingate,0,1986,20.9,8.8
1363,Keith,Smith,0,1986,11,3.3
1364,Jeff,Hornacek,1,1986,19.5,5.3
1365,Forrest,McKenzie,0,1986,7,2.8
1366,Kevin,Henderson,0,1986,9,1.6
1367,Tod,Murphy,0,1986,19,5
1368,Dwayne,Polee,0,1986,6,2
1369,Kenny,Gattison,0,1986,14.3,5.2
1370,Bruce,Douglas,0,1986,12.2,1.8
1371,Drazen,Petrovic,0,1986,12.6,7.6
1372,John,Shasky,0,1986,14.5,5.5
1373,Dave,Hoppen,0,1986,16.5,5.7
1374,Ron,Rowan,0,1986,2.3,1.7
1375,Andre,Turner,0,1986,6,1.3
1376,Grant,Gondrezick,0,1986,13.1,5.5
1377,Myron,Jackson,0,1986,2.8,1.4
1378,Conner,Henry,0,1986,6,2.3
1379,Richard,Rellford,0,1986,10.5,4
1380,Clinton,Smith,0,1986,8.3,3.1
1381,Steffond,Johnson,0,1986,8.1,2.6
1382,Pete,Myers,0,1986,5.3,2.3
1383,Curtis,Kitchen,0,1986,5.2,1.5
1384,Tim,Kempton,0,1986,14.2,4.4
1385,Alexander,Volkov,0,1986,13,5
1386,David,Robinson,1,1987,36.6,24.3
1387,Armen,Gilliam,0,1987,32.9,14.8
1388,Dennis,Hopson,0,1987,22.4,9.6
1389,Reggie,Williams,0,1987,24.5,10.4
1390,Scottie,Pippen,1,1987,20.9,7.9
1391,Kenny,Smith,0,1987,35.7,13.8
1392,Kevin,Johnson,1,1987,24,9.2
1393,Olden,Polynice,0,1987,13.2,4.1
1394,Derrick,McKey,0,1987,20.8,8.5
1395,Horace,Grant,1,1987,22.6,7.7
1396,Reggie,Miller,1,1987,22.4,10
1397,Muggsy,Bogues,0,1987,20.6,5
1398,Joe,Wolf,0,1987,27.1,7.6
1399,Tellis,Frank,0,1987,20.5,8.1
1400,Chris,Welp,0,1987,13.2,4.8
1401,Ronnie,Murphy,0,1987,4.9,2
1402,Mark,Jackson,1,1987,39.6,13.6
1403,Ken,Norman,0,1987,21.7,8.6
1404,Jim,Farmer,0,1987,5.2,2
1405,Dallas,Comegys,0,1987,15,5.6
1406,Reggie,Lewis,1,1987,8.3,4.5
1407,Ron,Moore,0,1987,4.2,1.7
1408,Steve,Alford,0,1987,7,2.1
1409,Nate,Blackwell,0,1987,11.2,3.7
1410,Rickie,Winslow,0,1987,6.4,1
1411,Nikita,Wilson,0,1987,3.6,1.3
1412,Andre,Moore,0,1987,5,2.4
1413,Tony,White,0,1987,11.9,5.3
1414,Brian,Rowsom,0,1987,4,1.5
1415,Duane,Washington,0,1987,11.3,4.1
1416,Norris,Coleman,0,1987,14.9,5.3
1417,Vincent,Askew,0,1987,16.7,3.7
1418,Winston,Garland,0,1987,31.7,12.4
1419,Kannard,Johnson,0,1987,11.6,3.6
1420,Brad,Lohaus,0,1987,10.3,4.2
1421,Jamie,Waller,0,1987,10.1,4.7
1422,Phil,Zevenbergen,0,1987,7.2,3.8
1423,Winston,Crite,0,1987,8.9,3
1424,Darryl,Johnson,0,1987,2.5,1.1
1425,Kevin,Gamble,0,1987,2.1,0
1426,Eric,White,0,1987,20.7,10.5
1427,Billy,Donovan,0,1987,8.3,2.4
1428,Joe,Arlauckas,0,1987,9.4,3.8
1429,Chris,Dudley,0,1987,9.3,3.1
1430,Dave,Popson,0,1987,6.2,2
1431,Bart,Kofoed,0,1987,6.2,1.3
1432,Martin,Nessley,0,1987,7.6,1.1
1433,Sarunas,Marciulionis,0,1987,22.6,12.1
1434,Danny,Manning,1,1988,36.5,16.7
1435,Rik,Smits,1,1988,24.9,11.7
1436,Chris,Morris,0,1988,27.6,14.1
1437,Mitch,Richmond,1,1988,34.4,22
1438,Hersey,Hawkins,1,1988,32.6,15.1
1439,Tim,Perry,0,1988,9.9,4.1
1440,Rex,Chapman,0,1988,29.6,16.9
1441,Rony,Seikaly,0,1988,25.2,10.9
1442,Willie,Anderson,0,1988,33.8,18.6
1443,Will,Perdue,0,1988,6.3,2.2
1444,Harvey,Grant,0,1988,16.8,5.6
1445,Jeff,Grayer,0,1988,18.2,7.4
1446,Dan,Majerle,1,1988,25.1,8.6
1447,Gary,Grant,0,1988,27.1,11.9
1448,Derrick,Chievous,0,1988,19,9.3
1449,Eric,Leckner,0,1988,10.4,4.3
1450,Ricky,Berry,0,1988,22,11
1451,Rod,Strickland,0,1988,16.8,8.9
1452,Kevin,Edwards,0,1988,29.7,13.8
1453,Mark,Bryant,0,1988,14.3,5
1454,Randolph,Keys,0,1988,7.9,4
1455,Jerome,Lane,0,1988,10.2,4.8
1456,Brian,Shaw,0,1988,28.2,8.6
1457,David,Rivers,0,1988,9.4,2.9
1458,Rolando,Ferreira,0,1988,2.8,0.8
1459,Shelton,Jones,0,1988,13.5,4.8
1460,Andrew,Lang,0,1988,8.5,2.6
1461,Vinny,Del Negro,0,1988,19.4,7.1
1462,Fennis,Dembo,0,1988,2.4,1.2
1463,Everette,Stephens,0,1988,6,1.9
1464,Charles,Shackleford,0,1988,8.1,3.1
1465,Grant,Long,0,1988,29.7,11.9
1466,Tom,Tolbert,0,1988,8.4,2.9
1467,Sylvester,Gray,0,1988,22.2,8
1468,Ledell,Eackles,0,1988,18.2,11.5
1469,Greg,Butler,0,1988,4.2,1.7
1470,Tito,Horford,0,1988,4.5,1.7
1471,Orlando,Graham,0,1988,3.1,1.1
1472,Keith,Smart,0,1988,5.5,1
1473,Todd,Mitchell,0,1988,14.7,5.1
1474,Anthony,Taylor,0,1988,17.5,6.9
1475,Tom,Garrick,0,1988,21.1,6.4
1476,Morlon,Wiley,0,1988,8,2.2
1477,Vernon,Maxwell,0,1988,26.1,11.7
1478,Micheal,Williams,0,1988,7.3,2.6
1479,Steve,Kerr,0,1988,6,2.1
1480,Rob,Lock,0,1988,5.5,1.5
1481,Barry,Sumpter,0,1988,1,0
1482,Winston,Bennett,0,1988,18,6.1
1483,Corey,Gaines,0,1988,10.5,2.1
1484,Craig,Neal,0,1988,9.4,2.2
1485,Michael,Anderson,0,1988,20.3,5.7
1486,Pervis,Ellison,0,1989,25.5,8
1487,Danny,Ferry,0,1989,20.5,8.6
1488,Sean,Elliott,1,1989,25.1,10
1489,Glen,Rice,1,1989,30,13.6
1490,J.R.,Reid,0,1989,33.6,11.1
1491,Stacey,King,0,1989,21.7,8.9
1492,George,McCloud,0,1989,9.4,2.7
1493,Randy,White,0,1989,12.9,4.3
1494,Tom,Hammonds,0,1989,13.2,5.3
1495,Pooh,Richardson,0,1989,31.5,11.4
1496,Nick,Anderson,0,1989,22,11.5
1497,Mookie,Blaylock,1,1989,25.3,10.1
1498,Michael,Smith,0,1989,9.5,5
1499,Tim,Hardaway,1,1989,33.7,14.7
1500,Todd,Lichti,0,1989,16.8,8
1501,Dana,Barros,1,1989,20.1,9.7
1502,Shawn,Kemp,1,1989,13.8,6.5
1503,B.J.,Armstrong,1,1989,15.9,5.6
1504,Kenny,Payne,0,1989,6.2,3.3
1505,Jeff,Sanders,0,1989,5.9,0.9
1506,Blue,Edwards,0,1989,23,8.9
1507,Byron,Irvin,0,1989,9.8,5.2
1508,Roy,Marble,0,1989,6.8,2.1
1509,Anthony,Cook,0,1989,19.3,5.3
1510,John,Morton,0,1989,10.9,3.9
1511,Vlade,Divac,1,1989,19.6,8.5
1512,Kenny,Battle,0,1989,12.4,4.1
1513,Sherman,Douglas,0,1989,30.5,14.3
1514,Dyron,Nix,0,1989,5.5,1.9
1515,Frank,Kornet,0,1989,7.7,2
1516,Jeff,Martin,0,1989,19.6,6.3
1517,Stanley,Brundy,0,1989,8,2.3
1518,Jay,Edwards,0,1989,6.5,1.8
1519,Gary,Leonard,0,1989,5.8,1.5
1520,Pat,Durham,0,1989,15.6,4.2
1521,Clifford,Robinson,0,1989,19.1,9.1
1522,Michael,Ansley,0,1989,17,8.7
1523,Doug,West,0,1989,7.3,2.6
1524,Ed,Horton,0,1989,8.3,4.5
1525,Dino,Radja,0,1989,28.8,15.1
1526,Doug,Roth,0,1989,9.8,1.9
1527,Chucky,Brown,0,1989,17.9,7.3
1528,Scott,Haffner,0,1989,13,4.6
1529,Haywoode,Workman,0,1989,2.7,1
1530,Brian,Quinnett,0,1989,6.2,1.3
1531,Mike,Morrison,0,1989,4.2,2
1532,Greg,Grant,0,1989,10.1,3.1
1533,Derrick,Coleman,1,1990,35.2,18.4
1534,Gary,Payton,1,1990,27.4,7.2
1535,Mahmoud,Abdul-Rauf,0,1990,22.5,14.1
1536,Dennis,Scott,0,1990,28.5,15.7
1537,Kendall,Gill,0,1990,23.7,11
1538,Felton,Spencer,0,1990,25.9,7.1
1539,Lionel,Simmons,0,1990,37.7,18
1540,Bo,Kimble,0,1990,16.2,6.9
1541,Willie,Burton,0,1990,25.4,12
1542,Rumeal,Robinson,0,1990,14.3,5.6
1543,Tyrone,Hill,1,1990,16.1,5.3
1544,Alec,Kessler,0,1990,16.1,6.2
1545,Loy,Vaught,0,1990,16.1,5.5
1546,Travis,Mays,0,1990,33.5,14.3
1547,Dave,Jamerson,0,1990,5.5,3.1
1548,Terry,Mills,0,1990,14.9,5.7
1549,Jerrod,Mustaf,0,1990,13.3,4.3
1550,Duane,Causwell,0,1990,22.6,6.9
1551,Dee,Brown,0,1990,23.7,8.7
1552,Gerald,Glass,0,1990,11.9,6.9
1553,Jayson,Williams,1,1990,9.8,3.5
1554,Tate,George,0,1990,10.6,3.4
1555,Anthony,Bonner,0,1990,22.1,7.4
1556,Dwayne,Schintzius,0,1990,9.5,3.8
1557,Alaa,Abdelnaby,0,1990,6.7,3.1
1558,Lance,Blanks,0,1990,5.6,1.7
1559,Elden,Campbell,0,1990,7.3,2.8
1560,Les,Jepsen,0,1990,5,1.3
1561,Toni,Kukoc,0,1990,24.1,10.9
1562,Carl,Herrera,0,1990,13.2,4.4
1563,Negele,Knight,0,1990,12.4,5.3
1564,Brian,Oliver,0,1990,11,3.8
1565,Walter,Palmer,0,1990,3,1.4
1566,Kevin,Pritchard,0,1990,12.5,3.9
1567,Greg,Foster,0,1990,11.2,4.4
1568,Trevor,Wilson,0,1990,6.5,2.2
1569,A.J.,English,0,1990,20.6,8.8
1570,Jud,Buechler,0,1990,11.6,3.1
1571,Steve,Scheffler,0,1990,5.8,1.5
1572,Bimbo,Coles,0,1990,16.5,4.9
1573,Steve,Bardo,0,1990,1,0
1574,Marcus,Liberty,0,1990,15.4,6.7
1575,Tony,Massenburg,0,1990,4.6,2.3
1576,Steve,Henson,0,1990,10.1,3.1
1577,Antonio,Davis,1,1990,21.4,7.7
1578,Kenny,Williams,0,1990,7.1,3
1579,Derek,Strong,0,1990,12,3
1580,Cedric,Ceballos,1,1990,11.6,8.2
1581,Milos,Babic,0,1990,4.3,1.6
1582,Tony,Smith,0,1990,10.9,3.7
1583,Stefano,Rusconi,0,1990,4.3,1.1
1584,Sean,Higgins,0,1990,9.3,4.5
1585,Larry,Johnson,1,1991,37.2,19.2
1586,Kenny,Anderson,1,1991,17,7
1587,Billy,Owens,0,1991,31.4,14.3
1588,Dikembe,Mutombo,1,1991,38.3,16.6
1589,Steve,Smith,1,1991,29.6,12
1590,Doug,Smith,0,1991,22.5,8.8
1591,Luc,Longley,0,1991,15,4.3
1592,Mark,Macon,0,1991,30.3,10.6
1593,Stacey,Augmon,0,1991,30.5,13.3
1594,Bison,Dele,0,1991,18.9,9.1
1595,Terrell,Brandon,1,1991,19.6,7.4
1596,Greg,Anthony,0,1991,18.4,5.5
1597,Dale,Davis,1,1991,20.3,6.2
1598,Rich,King,0,1991,5.3,2.2
1599,Anthony,Avent,0,1991,27.9,9.8
1600,Chris,Gatling,1,1991,11.3,5.7
1601,Victor,Alexander,0,1991,16.9,7.4
1602,Kevin,Brooks,0,1991,7.3,2.8
1603,LaBradford,Smith,0,1991,14.8,5.1
1604,John,Turner,0,1991,8.2,2.8
1605,Eric,Murdock,0,1991,9.6,4.1
1606,LeRon,Ellis,0,1991,3.6,1.5
1607,Stanley,Roberts,0,1991,20.3,10.4
1608,Rick,Fox,0,1991,19,8
1609,Mark,Randall,0,1991,8.2,3.2
1610,Pete,Chilcutt,0,1991,11.8,3.6
1611,Kevin,Lynch,0,1991,14.9,4.1
1612,Rodney,Monroe,0,1991,8.2,3.4
1613,Randy,Brown,0,1991,9.6,3.4
1614,Chad,Gallagher,0,1991,1.5,3
1615,Donald,Hodge,0,1991,20.7,8.4
1616,Myron,Brown,0,1991,6.5,2.2
1617,Mike,Iuzzolino,0,1991,24.6,9.3
1618,Chris,Corchiani,0,1991,14.5,5
1619,Elliot,Perry,0,1991,8.7,2.5
1620,Jimmy,Oliver,0,1991,9.3,3.6
1621,Doug,Overton,0,1991,22,8.1
1622,Sean,Green,0,1991,7.3,4
1623,Lamont,Strothers,0,1991,4.2,2.5
1624,Bobby,Phills,0,1991,6.5,3.1
1625,Richard,Dumas,0,1991,27.5,15.8
1626,Greg,Sutton,0,1991,9,3.7
1627,Zan,Tabak,0,1991,4.9,2
1628,Anthony,Jones,0,1991,13.2,5
1629,Shaquille,O'Neal,1,1992,37.9,23.4
1630,Alonzo,Mourning,1,1992,33.9,21
1631,Christian,Laettner,1,1992,34.9,18.2
1632,Jim,Jackson,0,1992,33.5,16.3
1633,LaPhonso,Ellis,0,1992,33.5,14.7
1634,Tom,Gugliotta,1,1992,34.5,14.7
1635,Walt,Williams,0,1992,28.4,17
1636,Todd,Day,0,1992,27.2,13.8
1637,Clarence,Weatherspoon,0,1992,32.4,15.6
1638,Adam,Keefe,0,1992,18.9,6.6
1639,Robert,Horry,0,1992,29.5,10.1
1640,Harold,Miner,0,1992,18.9,10.3
1641,Bryant,Stith,0,1992,22.2,8.9
1642,Malik,Sealy,0,1992,11.6,5.7
1643,Anthony,Peeler,0,1992,21.5,10.4
1644,Randy,Woods,0,1992,4.2,1.7
1645,Doug,Christie,0,1992,14.4,6.2
1646,Tracy,Murray,0,1992,10.3,5.7
1647,Don,MacLean,0,1992,10.9,6.6
1648,Hubert,Davis,0,1992,16.3,5.4
1649,Jon,Barry,0,1992,11.7,4.4
1650,Oliver,Miller,0,1992,19.1,5.6
1651,Lee,Mayberry,0,1992,18.3,5.2
1652,Latrell,Sprewell,1,1992,35.6,15.4
1653,Elmore,Spencer,0,1992,6.4,2.4
1654,Dave,Johnson,0,1992,8.5,3.7
1655,Byron,Houston,0,1992,16.1,5.3
1656,Marlon,Maxey,0,1992,12.1,5.4
1657,P.J.,Brown,0,1992,24.7,5.7
1658,Sean,Rooks,0,1992,29,13.5
1659,Reggie,Smith,0,1992,3,1
1660,Brent,Price,0,1992,12.6,3.9
1661,Corey,Williams,0,1992,6.9,2.3
1662,Chris,Smith,0,1992,15.8,4.3
1663,Tony,Bennett,0,1992,11.4,3.7
1664,Duane,Cooper,0,1992,9.9,2.4
1665,Isaiah,Morris,0,1992,4.1,2.2
1666,Elmer,Bennett,0,1992,4.5,3.8
1667,Litterial,Green,0,1992,12,4.5
1668,Popeye,Jones,0,1992,21.9,5.8
1669,Matt,Geiger,0,1992,11.5,4.5
1670,Sasha,Danilovic,0,1992,28.5,13.4
1671,Chris,King,0,1992,5.7,3.7
1672,Robert,Werdann,0,1992,5.3,1.9
1673,Darren,Morningstar,0,1992,16,4.2
1674,Brian,Davis,0,1992,5.5,1.9
1675,Matt,Fish,0,1992,14.2,4.7
1676,Matt,Steigenga,0,1992,6,1.5
1677,Chris,Webber,1,1993,32.1,17.5
1678,Shawn,Bradley,0,1993,28.3,10.3
1679,Jamal,Mashburn,1,1993,36.7,19.2
1680,Calbert,Cheaney,0,1993,24.7,12
1681,Bobby,Hurley,0,1993,26.3,7.1
1682,Vin,Baker,1,1993,31.2,13.5
1683,Rodney,Rogers,0,1993,17.8,8.1
1684,Lindsey,Hunter,0,1993,26.5,10.3
1685,Allan,Houston,1,1993,19.2,8.5
1686,George,Lynch,0,1993,24.8,9.6
1687,Terry,Dehere,0,1993,11.9,5.3
1688,Scott,Haskin,0,1993,6.9,2
1689,Doug,Edwards,0,1993,6.7,2.7
1690,Rex,Walters,0,1993,8,3.4
1691,Greg,Graham,0,1993,12.7,4.8
1692,Luther,Wright,0,1993,6.1,1.3
1693,Acie,Earl,0,1993,15.5,5.5
1694,Scott,Burrell,0,1993,15,4.8
1695,James,Robinson,0,1993,11.6,4.8
1696,Chris,Mills,0,1993,25.6,9.4
1697,Ervin,Johnson,0,1993,6.2,2.6
1698,Sam,Cassell,1,1993,17,6.7
1699,Corie,Blount,0,1993,10.3,3
1700,Geert,Hammink,0,1993,3,2
1701,Malcolm,Mackey,0,1993,3.1,1.5
1702,Lucious,Harris,0,1993,15.1,5.4
1703,Evers,Burns,0,1993,6.2,2.4
1704,Alphonso,Ford,0,1993,2.7,2.7
1705,Eric,Riley,0,1993,4.7,1.9
1706,Darnell,Mee,0,1993,7.5,1.9
1707,Ed,Stokes,0,1993,4.2,0.8
1708,Nick,Van Exel,1,1993,33.3,13.6
1709,Rich,Manning,0,1993,10.7,3.7
1710,Adonis,Jordan,0,1993,13.2,2.5
1711,Josh,Grant,0,1993,7.2,3
1712,Bryon,Russell,0,1993,16.7,5
1713,Richard,Petruska,0,1993,4.2,2.4
1714,Chris,Whitney,0,1993,8.5,1.8
1715,Kevin,Thompson,0,1993,4.1,0.9
1716,Mike,Peplowski,0,1993,12.1,3.2
1717,Glenn,Robinson,1,1994,37,21.9
1718,Jason,Kidd,1,1994,33.8,11.7
1719,Grant,Hill,1,1994,38.3,19.9
1720,Donyell,Marshall,0,1994,29,12.6
1721,Juwan,Howard,1,1994,36.1,17
1722,Sharone,Wright,0,1994,25.9,11.4
1723,Lamond,Murray,0,1994,31.6,14.1
1724,Brian,Grant,0,1994,28.6,13.2
1725,Eric,Montross,0,1994,29.7,10
1726,Eddie,Jones,1,1994,31,14
1727,Carlos,Rogers,0,1994,20.8,8.9
1728,Khalid,Reeves,0,1994,21.8,9.2
1729,Jalen,Rose,0,1994,22.2,8.2
1730,Yinka,Dare,0,1994,3,0
1731,Eric,Piatkowski,0,1994,14.9,7
1732,Clifford,Rozier,0,1994,22.6,6.8
1733,Aaron,McKie,0,1994,18.4,6.5
1734,Eric,Mobley,0,1994,12.8,3.9
1735,Tony,Dumas,0,1994,10.6,4.6
1736,B.J.,Tyler,0,1994,14.7,3.5
1737,Dickey,Simpkins,0,1994,9.9,3.5
1738,Bill,Curley,0,1994,11.2,2.7
1739,Wesley,Person,0,1994,23.1,10.4
1740,Monty,Williams,0,1994,12.3,3.3
1741,Greg,Minor,0,1994,15,6
1742,Charlie,Ward,0,1994,4.4,1.6
1743,Brooks,Thompson,0,1994,6.5,3.1
1744,Antonio,Lang,0,1994,4.4,0.9
1745,Howard,Eisley,0,1994,11.3,2.4
1746,Jim,McIlvaine,0,1994,9.7,1.7
1747,Derrick,Alston,0,1994,16.1,4.7
1748,Gaylon,Nickerson,0,1994,10.5,3.8
1749,Michael,Smith,0,1994,21.2,6.9
1750,Dontonio,Wingfield,0,1994,4,2.3
1751,Darrin,Hancock,0,1994,9.2,3.3
1752,Jeff,Webster,0,1994,5.3,1.6
1753,Shawnelle,Scott,0,1994,3.1,1.2
1754,Dwayne,Morton,0,1994,9.6,4.1
1755,Voshon,Lenard,0,1994,10.8,5.9
1756,Jamie,Watson,0,1994,11.2,3.2
1757,Charles,Claxton,0,1994,2.3,0.7
1758,Lawrence,Funderburke,0,1994,21,9.5
1759,Anthony,Goldwire,0,1994,14.8,5.5
1760,Zeljko,Rebraca,0,1994,15.9,6.9
1761,Joe,Smith,0,1995,34.4,15.3
1762,Antonio,McDyess,1,1995,30,13.4
1763,Jerry,Stackhouse,1,1995,37.5,19.2
1764,Rasheed,Wallace,1,1995,27.5,10.1
1765,Kevin,Garnett,1,1995,28.7,10.4
1766,Bryant,Reeves,0,1995,31.9,13.3
1767,Damon,Stoudamire,0,1995,40.9,19
1768,Shawn,Respert,0,1995,13.6,4.9
1769,Ed,O'Bannon,0,1995,19.6,6.2
1770,Kurt,Thomas,0,1995,22.4,9
1771,Gary,Trent,0,1995,17.7,7.5
1772,Cherokee,Parks,0,1995,13.6,3.9
1773,Corliss,Williamson,0,1995,11.5,5.6
1774,Eric,Williams,0,1995,23,10.7
1775,Brent,Barry,0,1995,24,10.1
1776,Alan,Henderson,0,1995,17.9,6.4
1777,Bob,Sura,0,1995,14.6,5.3
1778,Theo,Ratliff,1,1995,17.4,4.5
1779,Randolph,Childress,0,1995,8.9,3
1780,Jason,Caffey,0,1995,9.6,3.2
1781,Michael,Finley,1,1995,39.2,15
1782,George,Zidek,0,1995,12.5,4
1783,Travis,Best,0,1995,9.7,3.7
1784,Loren,Meyer,0,1995,17.6,5
1785,David,Vaughn,0,1995,8.1,1.9
1786,Sherell,Ford,0,1995,5,3.2
1787,Mario,Bennett,0,1995,12.1,4.5
1788,Greg,Ostertag,0,1995,11.6,3.6
1789,Cory,Alexander,0,1995,9.3,2.8
1790,Lou,Roe,0,1995,7.6,1.8
1791,Dragan,Tarlac,0,1995,13.9,2.4
1792,Terrence,Rencher,0,1995,11.2,2.9
1793,Junior,Burrough,0,1995,8.1,3.1
1794,Andrew,DeClercq,0,1995,9.2,2.7
1795,Jimmy,King,0,1995,14,4.5
1796,Lawrence,Moten,0,1995,13,6.6
1797,Frankie,King,0,1995,3.3,1.2
1798,Donny,Marshall,0,1995,6.1,2.3
1799,Dwayne,Whitfield,0,1995,15.2,5
1800,Donnie,Boyce,0,1995,5.1,3
1801,Eric,Snow,0,1995,9,2.7
1802,Tyus,Edney,0,1995,31,10.8
1803,Mark,Davis,0,1995,10,3.3
1804,Jerome,Allen,0,1995,8.8,2.6
1805,Martin,Lewis,0,1995,11.8,4.7
1806,Fred,Hoiberg,0,1995,5.7,2.1
1807,Michael,McDonald,0,1995,4,0
1808,Chris,Carr,0,1995,9.7,3.9
1809,Cuonzo,Martin,0,1995,4.8,2.2
1810,Don,Reid,0,1995,14.4,3.8
1811,Allen,Iverson,1,1996,40.1,23.5
1812,Marcus,Camby,0,1996,30.1,14.8
1813,Shareef,Abdur-Rahim,1,1996,35,18.7
1814,Stephon,Marbury,1,1996,34.7,15.8
1815,Ray,Allen,1,1996,30.9,13.4
1816,Antoine,Walker,1,1996,36.2,17.5
1817,Lorenzen,Wright,0,1996,25.1,7.3
1818,Kerry,Kittles,0,1996,36.7,16.4
1819,Samaki,Walker,0,1996,14,5
1820,Erick,Dampier,0,1996,14.6,5.1
1821,Todd,Fuller,0,1996,12.7,4
1822,Vitaly,Potapenko,0,1996,15.5,5.8
1823,Kobe,Bryant,1,1996,15.5,7.6
1824,Peja,Stojakovic,1,1996,21.4,8.4
1825,Steve,Nash,1,1996,10.5,3.3
1826,Tony,Delk,0,1996,14.2,5.4
1827,Jermaine,O'Neal,1,1996,10.2,4.1
1828,John,Wallace,0,1996,11.6,4.8
1829,Walter,McCarty,0,1996,5.5,1.8
1830,Zydrunas,Ilgauskas,1,1996,29,13.9
1831,Derek,Fisher,0,1996,11.5,3.9
1832,Martin,Muursepp,0,1996,8.3,3.7
1833,Jerome,Williams,0,1996,5.4,1.5
1834,Brian,Evans,0,1996,4.2,1.4
1835,Priest,Lauderdale,0,1996,5.1,3.2
1836,Travis,Knight,0,1996,16.3,4.8
1837,Othella,Harrington,0,1996,15.1,4.8
1838,Mark,Hendrickson,0,1996,10.4,2.9
1839,Moochie,Norris,0,1996,11.1,1.5
1840,Jeff,McInnis,0,1996,9,5
1841,Steve,Hamer,0,1996,7.7,2.2
1842,Jason,Sasser,0,1996,8.6,2.4
1843,Randy,Livingston,0,1996,15.3,3.9
1844,Ben,Davis,0,1996,4.9,1.4
1845,Malik,Rose,0,1996,9.7,3
1846,Marcus,Brown,0,1996,8.8,3.9
1847,Ron,Riley,0,1996,22.1,8.4
1848,Jamie,Feick,0,1996,15.2,3.7
1849,Amal,McCaskill,0,1996,6.4,1.6
1850,Chris,Robinson,0,1996,16.6,4.6
1851,Mark,Pope,0,1996,6.9,1.4
1852,Jeff,Nordgaard,0,1996,3.7,1.4
1853,Shandon,Anderson,0,1996,16.4,5.9
1854,Reggie,Geary,0,1996,6.3,1.5
1855,Drew,Barry,0,1996,9.5,2.1
1856,Tim,Duncan,1,1997,39.1,21.1
1857,Keith,Van Horn,0,1997,37.5,19.7
1858,Chauncey,Billups,1,1997,27.7,11.2
1859,Antonio,Daniels,0,1997,26.4,7.8
1860,Tony,Battie,0,1997,23.2,8.4
1861,Ron,Mercer,0,1997,33.3,15.3
1862,Tim,Thomas,0,1997,23.1,11
1863,Adonal,Foyle,0,1997,11.9,3
1864,Tracy,McGrady,1,1997,18.4,7
1865,Danny,Fortson,0,1997,22.6,10.2
1866,Tariq,Abdul-Wahad,0,1997,16.3,6.4
1867,Austin,Croshere,0,1997,9.3,2.9
1868,Derek,Anderson,0,1997,27.9,11.7
1869,Kelvin,Cato,0,1997,13.6,3.8
1870,Brevin,Knight,0,1997,31,9
1871,Johnny,Taylor,0,1997,9,3.2
1872,Chris,Anstey,0,1997,16.6,5.9
1873,Scot,Pollard,0,1997,9.6,2.7
1874,Paul,Grant,0,1997,2.2,0.7
1875,Anthony,Parker,0,1997,5.3,1.9
1876,Ed,Gray,0,1997,15.7,7.6
1877,Bobby,Jackson,0,1997,30,11.6
1878,Rodrick,Rhodes,0,1997,18.4,5.8
1879,John,Thomas,0,1997,9.9,2.8
1880,Jacque,Vaughn,0,1997,9.3,3.1
1881,Keith,Booth,0,1997,2.8,1.7
1882,Charles,O'Bannon,0,1997,7.8,2.1
1883,James,Cotton,0,1997,3.7,2.7
1884,Marko,Milic,0,1997,4.9,2.8
1885,Bubba,Wells,0,1997,10.1,3.3
1886,Kebu,Stewart,0,1997,7.3,2.7
1887,James,Collins,0,1997,4.5,2.6
1888,Marc,Jackson,0,1997,29.4,13.2
1889,Jerald,Honeycutt,0,1997,14,6.4
1890,Anthony,Johnson,0,1997,29.4,7.5
1891,Jason,Lawson,0,1997,4.7,1.5
1892,Stephen,Jackson,0,1997,21.5,8.2
1893,Cedric,Henderson,0,1997,30.8,10.1
1894,God,Shammgod,0,1997,7.3,3
1895,Eric,Washington,0,1997,23.3,7.7
1896,Alvin,Williams,0,1997,19.8,6
1897,Chris,Crawford,0,1997,6.4,3.8
1898,DeJuan,Wheat,0,1997,4.4,1.7
1899,Mark,Blount,0,1997,17.2,3.9
1900,Michael,Olowokandi,0,1998,28.4,8.9
1901,Mike,Bibby,0,1998,35.2,13.2
1902,Raef,LaFrentz,0,1998,32.2,13.8
1903,Antawn,Jamison,1,1998,22.5,9.6
1904,Vince,Carter,1,1998,35.2,18.3
1905,Robert,Traylor,0,1998,16,5.3
1906,Jason,Williams,0,1998,36.1,12.8
1907,Larry,Hughes,0,1998,19.8,9.1
1908,Dirk,Nowitzki,1,1998,20.4,8.2
1909,Paul,Pierce,1,1998,34,16.5
1910,Bonzi,Wells,0,1998,5,4.4
1911,Michael,Doleac,0,1998,15.9,6.2
1912,Keon,Clark,0,1998,14.6,3.3
1913,Michael,Dickerson,0,1998,31.2,10.9
1914,Matt,Harpring,0,1998,22.3,8.2
1915,Bryce,Drew,0,1998,13,3.5
1916,Rasho,Nesterovic,0,1998,15,4
1917,Mirsad,Turkcan,0,1998,5.3,1.9
1918,Pat,Garrity,0,1998,13.8,5.6
1919,Roshown,McLeod,0,1998,10.2,4.8
1920,Ricky,Davis,0,1998,12.1,4.5
1921,Brian,Skinner,0,1998,12.3,4.1
1922,Tyronn,Lue,0,1998,12.5,5
1923,Felipe,Lopez,0,1998,25.9,9.3
1924,Al,Harrington,0,1998,7.6,2.1
1925,Sam,Jacobson,0,1998,6,4
1926,Vladimir,Stepania,0,1998,13.6,5.5
1927,Corey,Benjamin,0,1998,10.3,3.8
1928,Nazr,Mohammed,0,1998,4.7,1.6
1929,Ansu,Sesay,0,1998,15.8,6.4
1930,Ruben,Patterson,0,1998,6,2.7
1931,Rashard,Lewis,1,1998,7.2,2.4
1932,Jelani,McCoy,0,1998,12.7,5.1
1933,Shammond,Williams,0,1998,2,1.5
1934,Bruno,Sundov,0,1998,3.7,1.3
1935,Jerome,James,0,1998,2.6,1.5
1936,Casey,Shaw,0,1998,1.6,0.2
1937,DeMarco,Johnson,0,1998,7.4,1.2
1938,Rafer,Alston,0,1998,13.4,2.2
1939,Korleone,Young,0,1998,5,4.3
1940,Cuttino,Mobley,0,1998,29.7,9.9
1941,Miles,Simon,0,1998,3.8,0.4
1942,Jahidi,White,0,1998,9.6,2.5
1943,Sean,Marks,0,1998,3.5,1.4
1944,Toby,Bailey,0,1998,9.2,2.9
1945,Andrae,Patterson,0,1998,8.1,3.3
1946,Tyson,Wheeler,0,1998,3,4
1947,Ryan,Stack,0,1998,11.1,2.6
1948,Derrick,Dial,0,1998,11.9,5
1949,Greg,Buckner,0,1998,19.2,5.7
1950,Tremaine,Fowlkes,0,1998,15.5,3.4
1951,Ryan,Bowen,0,1998,11.3,2.5
1952,J.R.,Henderson,0,1998,11,3.2
1953,Torraye,Braggs,0,1998,10.3,2.7
1954,Maceo,Baston,0,1998,6.6,2.5
1955,Elton,Brand,1,1999,37,20.1
1956,Steve,Francis,1,1999,36.1,18
1957,Baron,Davis,1,1999,18.6,5.9
1958,Lamar,Odom,0,1999,36.4,16.6
1959,Jonathan,Bender,0,1999,5.4,2.7
1960,Wally,Szczerbiak,1,1999,29.7,11.6
1961,Richard,Hamilton,1,1999,19.3,9
1962,Andre,Miller,0,1999,25.6,11.1
1963,Shawn,Marion,1,1999,24.7,10.2
1964,Jason,Terry,0,1999,23.3,8.1
1965,Trajan,Langdon,0,1999,14.5,4.9
1966,Corey,Maggette,0,1999,17.8,8.4
1967,William,Avery,0,1999,8.2,2.6
1968,Metta,World Peace,1,1999,31.1,12
1969,Cal,Bowdler,0,1999,9.2,2.7
1970,James,Posey,0,1999,25.3,8.2
1971,Quincy,Lewis,0,1999,12.1,3.8
1972,Dion,Glover,0,1999,14.9,6.5
1973,Jeff,Foster,0,1999,4.5,2.3
1974,Kenny,Thomas,0,1999,25,8.2
1975,Devean,George,0,1999,7,3.2
1976,Andrei,Kirilenko,1,1999,26.2,10.7
1977,Tim,James,0,1999,5.8,2.8
1978,Vonteego,Cummings,0,1999,24,9.4
1979,Jumaine,Jones,0,1999,4.2,1.7
1980,Scott,Padgett,0,1999,9.2,2.6
1981,Leon,Smith,0,1999,7.1,2.2
1982,John,Celestand,0,1999,11.6,2.3
1983,Michael,Ruffin,0,1999,13.7,2.2
1984,Chris,Herren,0,1999,13.3,3.1
1985,Evan,Eschmeyer,0,1999,12,2.9
1986,Calvin,Booth,0,1999,13,3.8
1987,Obinna,Ekezie,0,1999,9,3.2
1988,Laron,Profit,0,1999,6.8,1.5
1989,A.J.,Bramlett,0,1999,7.6,1
1990,Gordan,Giricek,0,1999,28.2,12.3
1991,Francisco,Elson,0,1999,14.1,3.5
1992,Lee,Nailon,0,1999,11.2,3.9
1993,Ryan,Robertson,0,1999,25,5
1994,Todd,MacCulloch,0,1999,9.4,3.7
1995,Lari,Ketner,0,1999,6,1.5
1996,Rodney,Buford,0,1999,11.4,4.3
1997,Tim,Young,0,1999,5.5,2.2
1998,Manu,Ginobili,1,1999,20.8,7.6
1999,Kenyon,Martin,1,2000,33.4,12
2000,Stromile,Swift,0,2000,16.4,4.9
2001,Darius,Miles,0,2000,26.3,9.4
2002,Mike,Miller,0,2000,29.1,11.9
2003,DerMarr,Johnson,0,2000,16.8,5.1
2004,Chris,Mihm,0,2000,19.8,7.6
2005,Jamal,Crawford,0,2000,17.2,4.6
2006,Joel,Przybilla,0,2000,8.2,0.8
2007,Keyon,Dooling,0,2000,16.2,5.9
2008,Jerome,Moiso,0,2000,5.6,1.5
2009,Etan,Thomas,0,2000,13.1,4.3
2010,Courtney,Alexander,0,2000,21.3,9.5
2011,Mateen,Cleaves,0,2000,16.3,5.4
2012,Jason,Collier,0,2000,9.7,3.1
2013,Hedo,Turkoglu,0,2000,16.8,5.3
2014,Desmond,Mason,0,2000,19.5,5.9
2015,Quentin,Richardson,0,2000,17.9,8.1
2016,Jamaal,Magloire,1,2000,14.8,4.6
2017,Speedy,Claxton,0,2000,22.8,7.2
2018,Morris,Peterson,0,2000,22.6,9.3
2019,Donnell,Harvey,0,2000,3.6,1.2
2020,DeShawn,Stevenson,0,2000,7.3,2.2
2021,Dalibor,Bagaric,0,2000,7.4,1.3
2022,Jake,Tsakalidis,0,2000,16.6,4.5
2023,Mamadou,N'Diaye,0,2000,3.3,1.3
2024,Primoz,Brezec,0,2000,7.3,2
2025,Erick,Barkley,0,2000,4.8,2.4
2026,Mark,Madsen,0,2000,9.2,2
2027,Marko,Jaric,0,2000,20.9,7.4
2028,Dan,Langhi,0,2000,7.3,2.7
2029,A.J.,Guyton,0,2000,19.1,6
2030,Jake,Voskuhl,0,2000,8.9,1.9
2031,Khalid,El-Amin,0,2000,18.7,6.3
2032,Mike,Smith,0,2000,10.6,3
2033,Soumaila,Samake,0,2000,6.6,1.4
2034,Eddie,House,0,2000,11,5
2035,Eduardo,Najera,0,2000,10.8,3.3
2036,Lavor,Postell,0,2000,6.5,2.3
2037,Hanno,Mottola,0,2000,13.5,4.4
2038,Olumide,Oyedeji,0,2000,7.4,1.5
2039,Michael,Redd,1,2000,5.8,2.2
2040,Brian,Cardinal,0,2000,8.4,2.1
2041,Jabari,Smith,0,2000,7.3,2.9
2042,Jason,Hart,0,2000,10,2
2043,Kaniel,Dickens,0,2000,4,2.3
2044,Igor,Rakocevic,0,2000,5.8,1.9
2045,Ernest,Brown,0,2000,7,1
2046,Dan,McClintock,0,2000,9.7,3
2047,Chris,Porter,0,2000,22.5,8.6
2048,Kwame,Brown,0,2001,14.4,4.5
2049,Tyson,Chandler,1,2001,19.6,6.1
2050,Pau,Gasol,1,2001,36.7,17.6
2051,Eddy,Curry,0,2001,16,6.7
2052,Jason,Richardson,0,2001,32.9,14.4
2053,Shane,Battier,0,2001,39.7,14.4
2054,Eddie,Griffin,0,2001,26,8.8
2055,DeSagana,Diop,0,2001,6.1,1.4
2056,Rodney,White,0,2001,8.1,3.5
2057,Joe,Johnson,1,2001,24.9,7.5
2058,Kedrick,Brown,0,2001,8.4,2.2
2059,Vladimir,Radmanovic,0,2001,20.2,6.7
2060,Richard,Jefferson,0,2001,24.3,9.4
2061,Troy,Murphy,0,2001,17.7,5.9
2062,Steven,Hunter,0,2001,9.7,3.6
2063,Kirk,Haston,0,2001,5.1,1.7
2064,Jason,Collins,0,2001,18.3,4.5
2065,Zach,Randolph,1,2001,5.8,2.8
2066,Brendan,Haywood,0,2001,20.4,5.1
2067,Joseph,Forte,0,2001,4.9,0.8
2068,Jeryl,Sasser,0,2001,5.1,1.4
2069,Brandon,Armstrong,0,2001,5.6,1.8
2070,Raul,Lopez,0,2001,19.7,7
2071,Gerald,Wallace,1,2001,8,3.2
2072,Samuel,Dalembert,0,2001,5.2,1.5
2073,Jamaal,Tinsley,0,2001,30.5,9.4
2074,Tony,Parker,1,2001,29.4,9.2
2075,Trenton,Hassell,0,2001,28.7,8.8
2076,Gilbert,Arenas,1,2001,24.6,10.9
2077,Omar,Cook,0,2001,8.2,0.8
2078,Will,Solomon,0,2001,14.2,5.2
2079,Terence,Morris,0,2001,16.3,3.8
2080,Brian,Scalabrine,0,2001,10.4,2.1
2081,Jeff,Trepagnier,0,2001,6.4,1.5
2082,Damone,Brown,0,2001,3.9,1.4
2083,Mehmet,Okur,1,2001,19,6.9
2084,Earl,Watson,0,2001,15.1,3.6
2085,Jamison,Brewer,0,2001,3.3,0.3
2086,Bobby,Simmons,0,2001,11.4,3.7
2087,Sean,Lampley,0,2001,13.9,4.8
2088,Loren,Woods,0,2001,8.6,1.8
2089,Antonis,Fotsis,0,2001,11.4,3.9
2090,Ken,Johnson,0,2001,9.8,2
2091,Ruben,Boumtje-Boumtje,0,2001,7.4,1.2
2092,Alton,Ford,0,2001,8.5,3.1
2093,Jarron,Collins,0,2001,20.6,6.4
2094,Kenny,Satterfield,0,2001,15.6,5.2
2095,Alvin,Jones,0,2001,5.5,1.1
2096,Yao,Ming,1,2002,29.1,13.5
2097,Jay,Williams,0,2002,26.1,9.5
2098,Mike,Dunleavy,0,2002,15.9,5.7
2099,Drew,Gooden,0,2002,26.8,12.5
2100,Nikoloz,Tskitishvili,0,2002,16.4,3.9
2101,Dajuan,Wagner,0,2002,29.5,13.4
2102,Chris,Wilcox,0,2002,10.4,3.7
2103,Amar'e,Stoudemire,1,2002,31.3,13.5
2104,Caron,Butler,1,2002,36.6,15.4
2105,Jared,Jeffries,0,2002,14.6,4
2106,Melvin,Ely,0,2002,15.4,4.5
2107,Marcus,Haislip,0,2002,11.3,4.1
2108,Fred,Jones,0,2002,6.1,1.2
2109,Bostjan,Nachbar,0,2002,5.5,2.1
2110,Jiri,Welsch,0,2002,6.3,1.6
2111,Juan,Dixon,0,2002,15.4,6.4
2112,Curtis,Borchardt,0,2002,16.1,3.6
2113,Ryan,Humphrey,0,2002,9.3,1.9
2114,Kareem,Rush,0,2002,11.5,3
2115,Qyntel,Woods,0,2002,6.3,2.4
2116,Casey,Jacobsen,0,2002,15.9,5.1
2117,Tayshaun,Prince,0,2002,10.4,3.3
2118,Nenad,Krstic,0,2002,26.2,10
2119,John,Salmons,0,2002,7.8,2.1
2120,Chris,Jefferies,0,2002,13,3.9
2121,Dan,Dickau,0,2002,10.3,3.7
2122,Roger,Mason,0,2002,6.6,1.8
2123,Robert,Archibald,0,2002,6,1.6
2124,Vincent,Yarbrough,0,2002,23.4,6.9
2125,Dan,Gadzuric,0,2002,15.5,3.4
2126,Carlos,Boozer,1,2002,25.3,10
2127,David,Andersen,0,2002,14.1,5.8
2128,Tito,Maddox,0,2002,3.9,1.2
2129,Mario,Kasun,0,2002,7.9,2.6
2130,Lonny,Baxter,0,2002,12.4,4.8
2131,Matt,Barnes,0,2002,19,4.5
2132,Jamal,Sampson,0,2002,1.6,0
2133,Chris,Owens,0,2002,6,4
2134,Darius,Songaila,0,2002,13.4,4.6
2135,Rasual,Butler,0,2002,21,7.5
2136,Tamar,Slay,0,2002,7.6,2.6
2137,Luis,Scola,0,2002,24.7,10.3
2138,Randy,Holcomb,0,2002,2.6,0.5
2139,Corsley,Edwards,0,2002,11,2.7
2140,LeBron,James,1,2003,39.5,20.9
2141,Darko,Milicic,0,2003,4.7,1.4
2142,Carmelo,Anthony,1,2003,36.5,21
2143,Chris,Bosh,1,2003,33.5,11.5
2144,Dwyane,Wade,1,2003,34.9,16.2
2145,Chris,Kaman,1,2003,22.5,6.1
2146,Kirk,Hinrich,0,2003,35.6,12
2147,T.J.,Ford,0,2003,26.8,7.1
2148,Mike,Sweetney,0,2003,11.8,4.3
2149,Jarvis,Hayes,0,2003,29.2,9.6
2150,Mickael,Pietrus,0,2003,14.1,5.3
2151,Nick,Collison,0,2003,17,5.6
2152,Marcus,Banks,0,2003,17.1,5.9
2153,Luke,Ridnour,0,2003,16.2,5.5
2154,Reece,Gaines,0,2003,9.6,1.8
2155,Troy,Bell,0,2003,5.7,1.8
2156,Zarko,Cabarkapa,0,2003,11.6,4.1
2157,David,West,1,2003,13.1,3.8
2158,Sasha,Pavlovic,0,2003,14.5,4.8
2159,Dahntay,Jones,0,2003,7.7,1.8
2160,Boris,Diaw,0,2003,25.2,4.5
2161,Zoran,Planinic,0,2003,9.6,3.1
2162,Travis,Outlaw,0,2003,2.4,1
2163,Brian,Cook,0,2003,12.6,4.4
2164,Carlos,Delfino,0,2003,15.3,3.9
2165,Ndudi,Ebi,0,2003,1.9,0.8
2166,Kendrick,Perkins,0,2003,3.5,2.2
2167,Leandro,Barbosa,0,2003,21.4,7.9
2168,Josh,Howard,1,2003,23.7,8.6
2169,Maciej,Lampe,0,2003,10.7,4.6
2170,Jason,Kapono,0,2003,10.4,3.5
2171,Luke,Walton,0,2003,10.1,2.4
2172,Jerome,Beasley,0,2003,2.5,1
2173,Travis,Hansen,0,2003,12.4,3
2174,Steve,Blake,0,2003,18.5,5.9
2175,Slavko,Vranes,0,2003,3,0
2176,Derrick,Zimmerman,0,2003,15.9,2
2177,Willie,Green,0,2003,14.5,6.9
2178,Zaza,Pachulia,0,2003,11.3,3.3
2179,Keith,Bogans,0,2003,24.5,6.8
2180,Matt,Bonner,0,2003,18.9,7.2
2181,Mo,Williams,1,2003,13.5,5
2182,James,Lang,0,2003,5,1
2183,James,Jones,0,2003,4.3,1.2
2184,Kyle,Korver,1,2003,11.9,4.5
2185,Brandon,Hunter,0,2003,11.3,3.5
2186,Andreas,Glyniadakis,0,2003,6.2,1.3
2187,Dwight,Howard,1,2004,32.6,12
2188,Emeka,Okafor,0,2004,35.6,15.1
2189,Ben,Gordon,0,2004,24.4,15.1
2190,Shaun,Livingston,0,2004,27.1,7.4
2191,Devin,Harris,1,2004,15.4,5.7
2192,Josh,Childress,0,2004,29.7,10.1
2193,Luol,Deng,1,2004,27.2,11.7
2194,Andre,Iguodala,1,2004,32.8,9
2195,Luke,Jackson,0,2004,4.3,2.9
2196,Andris,Biedrins,0,2004,12.8,3.6
2197,Robert,Swift,0,2004,4.5,0.9
2198,Sebastian,Telfair,0,2004,19.6,6.8
2199,Kris,Humphries,0,2004,13,4.1
2200,Al,Jefferson,0,2004,14.8,6.7
2201,Kirk,Snyder,0,2004,13.3,5
2202,Josh,Smith,0,2004,27.7,9.7
2203,J.R.,Smith,0,2004,24.5,10.3
2204,Dorell,Wright,0,2004,9,2.3
2205,Jameer,Nelson,1,2004,20.4,8.7
2206,Pavel,Podkolzin,0,2004,2,0.2
2207,Viktor,Khryapa,0,2004,16.3,4.2
2208,Sergei,Monia,0,2004,13.2,3
2209,Delonte,West,0,2004,13,4.5
2210,Tony,Allen,0,2004,16.4,6.4
2211,Kevin,Martin,0,2004,10.1,2.9
2212,Sasha,Vujacic,0,2004,11.5,2.9
2213,Beno,Udrih,0,2004,14.4,5.9
2214,David,Harrison,0,2004,17.7,6.1
2215,Anderson,Varejao,0,2004,16,4.9
2216,Jackson,Vroman,0,2004,15.3,4.6
2217,Lionel,Chalmers,0,2004,12,3.1
2218,Donta,Smith,0,2004,11.4,3.3
2219,Andre,Emmett,0,2004,3.5,0.9
2220,Antonio,Burks,0,2004,9.1,3
2221,Royal,Ivey,0,2004,13,3.5
2222,Chris,Duhon,0,2004,26.5,5.9
2223,Justin,Reed,0,2004,5,1.7
2224,Trevor,Ariza,0,2004,17.3,5.8
2225,Bernard,Robinson,0,2004,10.6,3
2226,Ha,Seung-Jin,0,2004,5.5,1.4
2227,Pape,Sow,0,2004,9.4,2.3
2228,Vassilis,Spanoulis,0,2004,8.8,2.7
2229,Matt,Freije,0,2004,19.1,4
2230,Luis,Flores,0,2004,4.8,2.2
2231,Andrew,Bogut,0,2005,28.6,9.4
2232,Marvin,Williams,0,2005,24.7,8.5
2233,Deron,Williams,1,2005,28.8,10.8
2234,Chris,Paul,1,2005,36,16.1
2235,Raymond,Felton,0,2005,30.1,11.8
2236,Martell,Webster,0,2005,17.5,6.6
2237,Charlie,Villanueva,0,2005,29.2,13
2238,Channing,Frye,0,2005,24.2,12.3
2239,Ike,Diogu,0,2005,15,7
2240,Andrew,Bynum,1,2005,7.3,1.6
2241,Yaroslav,Korolev,0,2005,5.3,1.1
2242,Sean,May,0,2005,17.3,8.2
2243,Rashad,McCants,0,2005,17.3,7.9
2244,Antoine,Wright,0,2005,9.5,1.8
2245,Joey,Graham,0,2005,19.8,6.7
2246,Danny,Granger,1,2005,22.6,7.5
2247,Gerald,Green,0,2005,11.7,5.2
2248,Hakim,Warrick,0,2005,10.7,4.1
2249,Julius,Hodge,0,2005,2.4,0.9
2250,Nate,Robinson,0,2005,21.4,9.3
2251,Jarrett,Jack,0,2005,20.2,6.7
2252,Francisco,Garcia,0,2005,19.4,5.6
2253,Luther,Head,0,2005,28.9,8.8
2254,Johan,Petro,0,2005,18.9,5.2
2255,Jason,Maxiell,0,2005,6.1,2.3
2256,Linas,Kleiza,0,2005,8.5,3.5
2257,Ian,Mahinmi,0,2005,3.8,3.5
2258,Wayne,Simien,0,2005,9.6,3.4
2259,David,Lee,1,2005,16.9,5.1
2260,Salim,Stoudamire,0,2005,20.3,9.7
2261,Daniel,Ewing,0,2005,14.7,3.8
2262,Brandon,Bass,0,2005,9.2,2.3
2263,C.J.,Miles,0,2005,8.8,3.4
2264,Ersan,Ilyasova,0,2005,14.7,6.1
2265,Ronny,Turiaf,0,2005,7,2
2266,Travis,Diener,0,2005,10.7,3.8
2267,Von,Wafer,0,2005,4.6,1.2
2268,Monta,Ellis,0,2005,18.1,6.8
2269,Roko,Ukic,0,2005,12.4,4.2
2270,Chris,Taft,0,2005,8.5,2.8
2271,Mile,Ilic,0,2005,1.2,0
2272,Martynas,Andriuskevicius,0,2005,1.6,0
2273,Bracey,Wright,0,2005,19.3,8.9
2274,Mickael,Gelabale,0,2005,17.7,4.6
2275,Andray,Blatche,0,2005,6.1,2.2
2276,Ryan,Gomes,0,2005,22.5,7.6
2277,Robert,Whaley,0,2005,9.2,2.1
2278,Orien,Greene,0,2005,15.4,3.2
2279,Dijon,Thompson,0,2005,4.3,2.8
2280,Lawrence,Roberts,0,2005,5.5,1.5
2281,Amir,Johnson,0,2005,12.9,6.7
2282,Marcin,Gortat,0,2005,6.8,3
2283,Uros,Slokar,0,2005,3.6,1.9
2284,Alex,Acker,0,2005,7,1.8
2285,Andrea,Bargnani,0,2006,25.1,11.6
2286,LaMarcus,Aldridge,1,2006,22.1,9
2287,Adam,Morrison,0,2006,29.8,11.8
2288,Tyrus,Thomas,0,2006,13.4,5.2
2289,Shelden,Williams,0,2006,18.7,5.5
2290,Brandon,Roy,1,2006,35.3,16.8
2291,Randy,Foye,0,2006,22.9,10.1
2292,Rudy,Gay,0,2006,27,10.8
2293,Patrick,O'Bryant,0,2006,7.4,1.9
2294,J.J.,Redick,0,2006,14.8,6
2295,Hilton,Armstrong,0,2006,11.3,3.1
2296,Thabo,Sefolosha,0,2006,12.2,3.6
2297,Ronnie,Brewer,0,2006,12.1,4.6
2298,Cedric,Simmons,0,2006,12.4,2.9
2299,Rodney,Carney,0,2006,17.4,6.6
2300,Shawne,Williams,0,2006,12.1,3.9
2301,Oleksiy,Pecherov,0,2006,9.1,3.6
2302,Quincy,Douby,0,2006,8.6,2.8
2303,Renaldo,Balkman,0,2006,15.6,4.9
2304,Rajon,Rondo,1,2006,23.5,6.4
2305,Josh,Boone,0,2006,11,4.2
2306,Kyle,Lowry,1,2006,17.5,5.6
2307,Shannon,Brown,0,2006,8.8,3.2
2308,Jordan,Farmar,0,2006,15.1,4.4
2309,Sergio,Rodriguez,0,2006,12.9,3.7
2310,Maurice,Ager,0,2006,6.7,2.2
2311,Mardy,Collins,0,2006,14.9,4.5
2312,Joel,Freeland,0,2006,9.4,2.6
2313,James,White,0,2006,22.8,8.3
2314,Steve,Novak,0,2006,5.4,1.5
2315,Solomon,Jones,0,2006,11.5,3.3
2316,Paul,Davis,0,2006,5.8,1.6
2317,P.J.,Tucker,0,2006,4.9,1.8
2318,Craig,Smith,0,2006,18.7,7.4
2319,Bobby,Jones,0,2006,7.6,2.5
2320,Kosta,Perovic,0,2006,5.4,1.4
2321,David,Noel,0,2006,11.6,2.7
2322,James,Augustine,0,2006,3.7,1
2323,Daniel,Gibson,0,2006,16.5,4.6
2324,Marcus,Vinicius,0,2006,8,1.7
2325,Alexander,Johnson,0,2006,12.8,4.4
2326,Dee,Brown,0,2006,9.2,1.9
2327,Paul,Millsap,1,2006,18,6.8
2328,Leon,Powe,0,2006,11.4,4.2
2329,Ryan,Hollins,0,2006,6.9,2.4
2330,Guillermo,Diaz,0,2006,3,0.8
2331,Hassan,Adams,0,2006,8.3,2.9
2332,Damir,Markota,0,2006,5.7,1.7
2333,Will,Blalock,0,2006,11.8,1.8
2334,Greg,Oden,0,2007,21.5,8.9
2335,Kevin,Durant,1,2007,34.6,20.3
2336,Al,Horford,1,2007,31.4,10.1
2337,Mike,Conley,0,2007,26.1,9.4
2338,Jeff,Green,0,2007,28.2,10.5
2339,Corey,Brewer,0,2007,22.8,5.8
2340,Brandan,Wright,0,2007,9.9,4
2341,Joakim,Noah,1,2007,20.7,6.6
2342,Spencer,Hawes,0,2007,13.1,4.7
2343,Acie,Law,0,2007,15.5,4.2
2344,Thaddeus,Young,0,2007,21,8.2
2345,Julian,Wright,0,2007,11.2,3.9
2346,Al,Thornton,0,2007,27.3,12.7
2347,Rodney,Stuckey,0,2007,19,7.6
2348,Nick,Young,0,2007,15.4,7.5
2349,Sean,Williams,0,2007,17.5,5.6
2350,Marco,Belinelli,0,2007,7.3,2.9
2351,Javaris,Crittenton,0,2007,13.6,5.6
2352,Jason,Smith,0,2007,14.6,4.5
2353,Daequan,Cook,0,2007,24.4,8.8
2354,Jared,Dudley,0,2007,19,5.8
2355,Wilson,Chandler,0,2007,19.6,7.3
2356,Rudy,Fernandez,0,2007,25.6,10.4
2357,Morris,Almond,0,2007,4.4,1.4
2358,Aaron,Brooks,0,2007,11.9,5.2
2359,Arron,Afflalo,0,2007,12.9,3.7
2360,Tiago,Splitter,0,2007,12.3,4.6
2361,Alando,Tucker,0,2007,8,3.7
2362,Carl,Landry,0,2007,16.9,8.1
2363,Gabe,Pruitt,0,2007,6.3,2.1
2364,Nick,Fazekas,0,2007,10.3,4.1
2365,Glen,Davis,0,2007,13.6,4.5
2366,Jermareo,Davidson,0,2007,8.5,3.2
2367,Josh,McRoberts,0,2007,3.5,1.5
2368,Kyrylo,Fesenko,0,2007,7.8,1.6
2369,Chris,Richard,0,2007,10.7,1.9
2370,Derrick,Byars,0,2007,18.4,5
2371,Stephane,Lasme,0,2007,19,5.2
2372,Dominic,McGuire,0,2007,9.9,1.3
2373,Marc,Gasol,1,2007,30.7,11.9
2374,Aaron,Gray,0,2007,10,4.3
2375,JamesOn,Curry,0,2007,0.1,0
2376,Taurean,Green,0,2007,4.3,1.6
2377,Demetris,Nichols,0,2007,3.2,1.1
2378,Ramon,Sessions,0,2007,26.4,8.1
2379,D.J.,Strawberry,0,2007,8.2,2.2
2380,Derrick,Rose,1,2008,37,16.8
2381,Michael,Beasley,0,2008,24.8,13.9
2382,O.J.,Mayo,0,2008,38.1,18.5
2383,Russell,Westbrook,1,2008,32.5,15.3
2384,Kevin,Love,1,2008,25.3,11.1
2385,Danilo,Gallinari,0,2008,14.7,6.1
2386,Eric,Gordon,0,2008,34.3,16.1
2387,Joe,Alexander,0,2008,12.1,4.7
2388,D.J.,Augustin,0,2008,26.5,11.8
2389,Brook,Lopez,1,2008,30.5,13
2390,Jerryd,Bayless,0,2008,12.4,4.3
2391,Jason,Thompson,0,2008,28.1,11.1
2392,Brandon,Rush,0,2008,24,8.1
2393,Anthony,Randolph,0,2008,17.9,7.9
2394,Robin,Lopez,0,2008,10.2,3.1
2395,Marreese,Speights,0,2008,16,7.7
2396,Roy,Hibbert,1,2008,14.4,7.1
2397,JaVale,McGee,0,2008,15.2,6.5
2398,J.J.,Hickson,0,2008,11.4,4
2399,Alexis,Ajinca,0,2008,5.9,2.3
2400,Ryan,Anderson,0,2008,19.9,7.4
2401,Courtney,Lee,0,2008,25.2,8.4
2402,Kosta,Koufos,0,2008,11.8,4.7
2403,Serge,Ibaka,0,2008,18.1,6.3
2404,Nicolas,Batum,0,2008,18.4,5.4
2405,George,Hill,0,2008,16.5,5.7
2406,Darrell,Arthur,0,2008,19.3,5.6
2407,Donte,Greene,0,2008,13.2,3.8
2408,D.J.,White,0,2008,18.5,8.9
2409,J.R.,Giddens,0,2008,1.3,0.7
2410,Nikola,Pekovic,0,2008,13.7,5.5
2411,Walter,Sharpe,0,2008,2.4,1
2412,Joey,Dorsey,0,2008,2.1,0.7
2413,Mario,Chalmers,0,2008,32,10
2414,DeAndre,Jordan,0,2008,14.6,4.3
2415,Omer,Asik,0,2008,12.1,2.8
2416,Kyle,Weaver,0,2008,20.8,5.3
2417,Sonny,Weems,0,2008,4.6,1.6
2418,Chris,Douglas-Roberts,0,2008,13.3,4.9
2419,Nathan,Jawai,0,2008,3.1,0.3
2420,Sean,Singletary,0,2008,8.2,2.4
2421,Goran,Dragic,0,2008,13.2,4.5
2422,Malik,Hairston,0,2008,10.3,3.3
2423,Darnell,Jackson,0,2008,8.4,1.9
2424,Mike,Taylor,0,2008,15.1,5.7
2425,Sasha,Kaun,0,2008,3.8,0.9
2426,Joe,Crawford,0,2008,11.4,4.5
2427,Semih,Erden,0,2008,14.5,4
2428,Blake,Griffin,1,2009,37.9,22.5
2429,Hasheem,Thabeet,0,2009,13,3.1
2430,James,Harden,1,2009,22.9,9.9
2431,Tyreke,Evans,0,2009,37.2,20.1
2432,Ricky,Rubio,0,2009,34.2,10.6
2433,Jonny,Flynn,0,2009,28.9,13.5
2434,Stephen,Curry,1,2009,36.2,17.5
2435,Jordan,Hill,0,2009,13.3,5.2
2436,DeMar,DeRozan,1,2009,21.6,8.6
2437,Brandon,Jennings,0,2009,32.6,15.5
2438,Terrence,Williams,0,2009,22.6,8.4
2439,Gerald,Henderson,0,2009,8.3,2.6
2440,Tyler,Hansbrough,0,2009,17.6,8.5
2441,Earl,Clark,0,2009,7.5,2.7
2442,Austin,Daye,0,2009,13.3,5.1
2443,James,Johnson,0,2009,11.6,3.9
2444,Jrue,Holiday,1,2009,24.2,8
2445,Ty,Lawson,0,2009,20.3,8.3
2446,Jeff,Teague,1,2009,10.1,3.2
2447,Eric,Maynor,0,2009,15.7,4.7
2448,Darren,Collison,0,2009,27.8,12.4
2449,Victor,Claver,0,2009,16.6,3.8
2450,Omri,Casspi,0,2009,25.1,10.3
2451,Byron,Mullens,0,2009,4.2,1.1
2452,Rodrigue,Beaubois,0,2009,12.5,7.1
2453,Taj,Gibson,0,2009,26.9,9
2454,DeMarre,Carroll,0,2009,11.2,2.9
2455,Wayne,Ellington,0,2009,18.2,6.6
2456,Toney,Douglas,0,2009,19.4,8.6
2457,Christian,Eyenga,0,2009,21.5,6.9
2458,Jermaine,Taylor,0,2009,9.8,4.1
2459,Dante,Cunningham,0,2009,11.2,3.9
2460,DaJuan,Summers,0,2009,9.2,3
2461,Sam,Young,0,2009,16.5,7.4
2462,DeJuan,Blair,0,2009,18.2,7.8
2463,Jon,Brockman,0,2009,12.6,2.8
2464,Jonas,Jerebko,0,2009,27.9,9.3
2465,Derrick,Brown,0,2009,9.4,3.3
2466,Jodie,Meeks,0,2009,12,4.7
2467,Patrick,Beverley,0,2009,17.4,5.6
2468,Marcus,Thornton,0,2009,25.6,14.5
2469,Chase,Budinger,0,2009,20.1,8.9
2470,Nick,Calathes,0,2009,16.5,4.9
2471,Danny,Green,0,2009,5.7,2
2472,Taylor,Griffin,0,2009,4.1,1.2
2473,A.J.,Price,0,2009,15.5,7.3
2474,Lester,Hudson,0,2009,5.3,2.3
2475,John,Wall,1,2010,37.8,16.4
2476,Evan,Turner,0,2010,23,7.2
2477,Derrick,Favors,0,2010,19.7,6.8
2478,Wesley,Johnson,0,2010,26.2,9
2479,DeMarcus,Cousins,1,2010,28.5,14.1
2480,Ekpe,Udoh,0,2010,17.8,4.1
2481,Greg,Monroe,0,2010,27.8,9.4
2482,Al-Farouq,Aminu,0,2010,17.9,5.6
2483,Gordon,Hayward,0,2010,16.9,5.4
2484,Paul,George,1,2010,20.7,7.8
2485,Cole,Aldrich,0,2010,7.9,1
2486,Xavier,Henry,0,2010,13.9,4.3
2487,Ed,Davis,0,2010,24.6,7.7
2488,Patrick,Patterson,0,2010,16.7,6.3
2489,Larry,Sanders,0,2010,14.5,4.3
2490,Luke,Babbitt,0,2010,5.7,1.5
2491,Kevin,Seraphin,0,2010,10.9,2.7
2492,Eric,Bledsoe,0,2010,22.7,6.7
2493,Avery,Bradley,0,2010,5.2,1.7
2494,James,Anderson,0,2010,11,3.6
2495,Craig,Brackins,0,2010,10.9,2.7
2496,Elliot,Williams,0,2010,6.2,3.7
2497,Trevor,Booker,0,2010,16.4,5.3
2498,Damion,James,0,2010,16.1,4.4
2499,Dominique,Jones,0,2010,7.5,2.3
2500,Quincy,Pondexter,0,2010,11.1,2.8
2501,Jordan,Crawford,0,2010,24.4,11.7
2502,Greivis,Vasquez,0,2010,12.3,3.6
2503,Daniel,Orton,0,2010,11.7,2.8
2504,Lazar,Hayward,0,2010,10,3.8
2505,Tibor,Pleiss,0,2010,6.8,2
2506,Dexter,Pittman,0,2010,5.6,1
2507,Hassan,Whiteside,0,2010,1.8,0
2508,Armon,Johnson,0,2010,7.3,2.9
2509,Nemanja,Bjelica,0,2010,17.9,5.1
2510,Darington,Hobson,0,2010,7.8,0.8
2511,Andy,Rautins,0,2010,4.8,1.6
2512,Landry,Fields,0,2010,31,9.7
2513,Lance,Stephenson,0,2010,9.6,3.1
2514,Jarvis,Varnado,0,2010,4.5,0.6
2515,Devin,Ebanks,0,2010,5.9,3.1
2516,Jerome,Jordan,0,2010,5.1,2
2517,Gani,Lawal,0,2010,1.9,0
2518,Solomon,Alabi,0,2010,4.9,0.5
2519,Luke,Harangody,0,2010,13.1,3.9
2520,Pape,Sy,0,2010,7,2.3
2521,Willie,Warren,0,2010,7,1.9
2522,Jeremy,Evans,0,2010,9.4,3.6
2523,Ryan,Reid,0,2010,3.3,1.6
2524,Derrick,Caracter,0,2010,5.2,2
2525,Kyrie,Irving,1,2011,30.5,18.5
2526,Derrick,Williams,0,2011,21.5,8.8
2527,Enes,Kanter,0,2011,13.2,4.6
2528,Tristan,Thompson,0,2011,23.7,8.2
2529,Jonas,Valanciunas,0,2011,23.9,8.9
2530,Jan,Vesely,0,2011,18.9,4.7
2531,Bismack,Biyombo,0,2011,23.1,5.2
2532,Brandon,Knight,0,2011,32.2,12.8
2533,Kemba,Walker,0,2011,27.2,12.1
2534,Jimmer,Fredette,0,2011,18.6,7.6
2535,Klay,Thompson,1,2011,24.4,12.5
2536,Alec,Burks,0,2011,15.9,7.2
2537,Markieff,Morris,0,2011,19.5,7.4
2538,Marcus,Morris,0,2011,7.4,2.4
2539,Kawhi,Leonard,1,2011,24,7.9
2540,Nikola,Vucevic,0,2011,15.9,5.5
2541,Iman,Shumpert,0,2011,28.9,9.5
2542,Chris,Singleton,0,2011,21.7,4.6
2543,Tobias,Harris,0,2011,11.4,5
2544,Donatas,Motiejunas,0,2011,12.2,5.7
2545,Nolan,Smith,0,2011,12.3,3.8
2546,Kenneth,Faried,0,2011,22.5,10.2
2547,Nikola,Mirotic,0,2011,20.2,10.2
2548,Reggie,Jackson,0,2011,11.1,3.1
2549,MarShon,Brooks,0,2011,29.4,12.6
2550,Jordan,Hamilton,0,2011,9.9,4.4
2551,JaJuan,Johnson,0,2011,8.3,3.2
2552,Norris,Cole,0,2011,19.4,6.8
2553,Cory,Joseph,0,2011,9.2,2
2554,Jimmy,Butler,1,2011,8.5,2.6
2555,Bojan,Bogdanovic,0,2011,23.8,9
2556,Justin,Harper,0,2011,6,1.4
2557,Kyle,Singler,0,2011,28,8.8
2558,Shelvin,Mack,0,2011,12.2,3.6
2559,Tyler,Honeycutt,0,2011,5.9,1.3
2560,Jordan,Williams,0,2011,14.8,4.6
2561,Trey,Thompkins,0,2011,5,2.4
2562,Chandler,Parsons,0,2011,28.6,9.5
2563,Jeremy,Tyler,0,2011,13.5,4.9
2564,Jon,Leuer,0,2011,12.1,4.7
2565,Darius,Morris,0,2011,8.9,2.4
2566,Malcolm,Lee,0,2011,12.8,3.3
2567,Charles,Jenkins,0,2011,17.5,5.8
2568,Josh,Harrellson,0,2011,14.6,4.4
2569,Andrew,Goudelock,0,2011,10.5,4.4
2570,Travis,Leslie,0,2011,4.5,1.4
2571,Keith,Benson,0,2011,3,0
2572,Josh,Selby,0,2011,8.5,2.2
2573,Lavoy,Allen,0,2011,15.2,4.1
2574,Vernon,Macklin,0,2011,5.9,2
2575,DeAndre,Liggins,0,2011,6.8,1.9
2576,E'Twaun,Moore,0,2011,8.7,2.9
2577,Isaiah,Thomas,1,2011,25.5,11.5
2578,Anthony,Davis,1,2012,28.8,13.5
2579,Michael,Kidd-Gilchrist,0,2012,26,9
2580,Bradley,Beal,0,2012,31.2,13.9
2581,Dion,Waiters,0,2012,28.8,14.7
2582,Thomas,Robinson,0,2012,15.1,4.8
2583,Damian,Lillard,1,2012,38.6,19.1
2584,Harrison,Barnes,0,2012,25.4,9.2
2585,Terrence,Ross,0,2012,17,6.4
2586,Andre,Drummond,1,2012,20.7,7.9
2587,Austin,Rivers,0,2012,23.2,6.2
2588,Meyers,Leonard,0,2012,17.5,5.5
2589,Jeremy,Lamb,0,2012,6.4,3.1
2590,Kendall,Marshall,0,2012,14.6,3
2591,John,Henson,0,2012,13.1,6
2592,Maurice,Harkless,0,2012,26,8.2
2593,Royce,White,0,2012,3,0
2594,Tyler,Zeller,0,2012,26.4,7.9
2595,Terrence,Jones,0,2012,14.5,5.5
2596,Andrew,Nicholson,0,2012,16.7,7.8
2597,Evan,Fournier,0,2012,11.3,5.3
2598,Jared,Sullinger,0,2012,19.8,6
2599,Fab,Melo,0,2012,6,1.2
2600,John,Jenkins,0,2012,14.8,6.1
2601,Jared,Cunningham,0,2012,3.2,2
2602,Tony,Wroten,0,2012,7.8,2.6
2603,Miles,Plumlee,0,2012,3.9,0.9
2604,Arnett,Moultrie,0,2012,11.5,3.7
2605,Perry,Jones,0,2012,7.4,2.3
2606,Marquis,Teague,0,2012,8.2,2.1
2607,Festus,Ezeli,0,2012,14.4,2.4
2608,Jeff,Taylor,0,2012,19.6,6.1
2609,Bernard,James,0,2012,9.9,2.8
2610,Jae,Crowder,0,2012,17.3,5
2611,Draymond,Green,1,2012,13.4,2.9
2612,Orlando,Johnson,0,2012,12.1,4
2613,Quincy,Acy,0,2012,11.8,4
2614,Quincy,Miller,0,2012,3.7,1.3
2615,Khris,Middleton,0,2012,17.6,6.1
2616,Will,Barton,0,2012,12.2,4
2617,Tyshawn,Taylor,0,2012,5.8,2.2
2618,Doron,Lamb,0,2012,12.3,3.3
2619,Mike,Scott,0,2012,9.4,4.6
2620,Kim,English,0,2012,9.9,2.9
2621,Justin,Hamilton,0,2012,9,3.2
2622,Darius,Miller,0,2012,13.3,2.3
2623,Kevin,Murphy,0,2012,3.1,0.9
2624,Kostas,Papanikolaou,0,2012,18.5,4.2
2625,Kyle,O'Quinn,0,2012,11.2,4.1
2626,Kris,Joseph,0,2012,5.4,0.9
2627,Furkan,Aldemir,0,2012,13.2,2.3
2628,Tornike,Shengelia,0,2012,4.9,1.6
2629,Darius,Johnson-Odom,0,2012,1.4,0
2630,Robbie,Hummel,0,2012,12.4,3.4
2631,Robert,Sacre,0,2012,6.4,1.3
2632,Anthony,Bennett,0,2013,12.7,4.2
2633,Victor,Oladipo,0,2013,31.1,13.8
2634,Otto,Porter,0,2013,8.6,2.1
2635,Cody,Zeller,0,2013,17.3,6
2636,Alex,Len,0,2013,8.8,2.1
2637,Nerlens,Noel,0,2013,30.8,9.9
2638,Ben,McLemore,0,2013,26.7,8.8
2639,Kentavious,Caldwell-Pope,0,2013,19.8,5.9
2640,Trey,Burke,0,2013,32.3,12.8
2641,C.J.,McCollum,0,2013,12.5,5.3
2642,Michael,Carter-Williams,0,2013,34.5,16.7
2643,Steven,Adams,0,2013,14.8,3.3
2644,Kelly,Olynyk,0,2013,20,8.7
2645,Shabazz,Muhammad,0,2013,7.8,3.9
2646,Giannis,Antetokounmpo,0,2013,24.6,6.8
2647,Lucas,Nogueira,0,2013,3.8,1
2648,Dennis,Schroder,0,2013,13.1,3.7
2649,Shane,Larkin,0,2013,10.2,2.8
2650,Sergey,Karasev,0,2013,7.1,1.7
2651,Tony,Snell,0,2013,16,4.5
2652,Gorgui,Dieng,0,2013,13.6,4.8
2653,Mason,Plumlee,0,2013,18.2,7.4
2654,Solomon,Hill,0,2013,8.1,1.7
2655,Tim,Hardaway,0,2013,23.2,10.2
2656,Reggie,Bullock,0,2013,9.2,2.7
2657,Andre,Roberson,0,2013,10,1.9
2658,Rudy,Gobert,0,2013,9.6,2.3
2659,Archie,Goodwin,0,2013,10.2,3.7
2660,Nemanja,Nedovic,0,2013,5.9,1.1
2661,Allen,Crabbe,0,2013,6.7,2.2
2662,Carrick,Felix,0,2013,5.4,2.7
2663,Isaiah,Canaan,0,2013,11.5,4.6
2664,Glen,Rice,0,2013,9.9,2.9
2665,Ray,McCallum,0,2013,19.9,6.2
2666,Nate,Wolters,0,2013,22.6,7.2
2667,Jeff,Withey,0,2013,11.8,3.3
2668,Grant,Jerrett,0,2013,6.4,2
2669,Jamaal,Franklin,0,2013,7.7,1.9
2670,Ricky,Ledo,0,2013,3,1.7
2671,Mike,Muscala,0,2013,10.7,3.8
2672,Erick,Green,0,2013,9.5,3.4
2673,Ryan,Kelly,0,2013,22.2,8
2674,Erik,Murphy,0,2013,2.7,0.3
2675,James,Ennis,0,2013,17,5
2676,Lorenzo,Brown,0,2013,8.6,2.5
2677,Joffrey,Lauvergne,0,2013,11.2,3.9
2678,Peyton,Siva,0,2013,9.3,2.2
2679,Andrew,Wiggins,0,2014,36.2,16.9
2680,Jabari,Parker,0,2014,29.5,12.3
2681,Aaron,Gordon,0,2014,17,5.2
2682,Dante,Exum,0,2014,22.2,4.8
2683,Marcus,Smart,0,2014,27,7.8
2684,Julius,Randle,0,2014,13.6,2
2685,Nik,Stauskas,0,2014,15.4,4.4
2686,Noah,Vonleh,0,2014,10.3,3.3
2687,Elfrid,Payton,0,2014,30.3,8.9
2688,Doug,McDermott,0,2014,8.9,3
2689,Zach,LaVine,0,2014,24.7,10.1
2690,T.J.,Warren,0,2014,15.4,6.1
2691,Adreian,Payne,0,2014,23.1,6.7
2692,Jusuf,Nurkic,0,2014,17.8,6.9
2693,James,Young,0,2014,10.7,3.4
2694,Tyler,Ennis,0,2014,12.5,3.7
2695,Gary,Harris,0,2014,13.1,3.4
2696,Bruno,Caboclo,0,2014,2.9,1.2
2697,Mitch,McGary,0,2014,15.2,6.3
2698,Jordan,Adams,0,2014,8.3,3.1
2699,Rodney,Hood,0,2014,21.3,8.7
2700,Shabazz,Napier,0,2014,19.8,5.1
2701,Clint,Capela,0,2014,7.5,2.7
2702,P.J.,Hairston,0,2014,15.3,5.6
2703,C.J.,Wilcox,0,2014,4.8,2
2704,Josh,Huestis,0,2014,11,2.8
2705,Kyle,Anderson,0,2014,10.9,2.2
2706,Damien,Inglis,0,2014,7.8,1.8
2707,K.J.,McDaniels,0,2014,21.8,7.9
2708,Joe,Harris,0,2014,9.7,2.7
2709,Cleanthony,Early,0,2014,16.6,5.4
2710,Jarnell,Stokes,0,2014,6.6,3
2711,Johnny,O'Bryant,0,2014,10.8,2.9
2712,Spencer,Dinwiddie,0,2014,13.4,4.3
2713,Jerami,Grant,0,2014,21.2,6.3
2714,Glenn,Robinson,0,2014,7.5,2.1
2715,Nikola,Jokic,0,2014,21.7,9.9
2716,Nick,Johnson,0,2014,9.4,2.6
2717,Markel,Brown,0,2014,16.6,4.6
2718,Dwight,Powell,0,2014,8.2,3.1
2719,Jordan,Clarkson,0,2014,25,11.9
2720,Russ,Smith,0,2014,5.4,2.5
2721,Lamar,Patterson,0,2014,11.3,2.4
2722,Cameron,Bairstow,0,2014,3.5,0.6
2723,Thanasis,Antetokounmpo,0,2014,3.1,3
2724,Jordan,McRae,0,2014,8.9,4.5
2725,Cory,Jefferson,0,2014,10.6,3.7
2726,Karl-Anthony,Towns,0,2015,32,18.3
2727,D'Angelo,Russell,0,2015,28.2,13.2
2728,Jahlil,Okafor,0,2015,30,17.5
2729,Kristaps,Porzingis,0,2015,28.4,14.3
2730,Mario,Hezonja,0,2015,17.9,6.1
2731,Willie,Cauley-Stein,0,2015,21.4,7
2732,Emmanuel,Mudiay,0,2015,30.4,12.8
2733,Stanley,Johnson,0,2015,23.1,8.1
2734,Frank,Kaminsky,0,2015,21.1,7.5
2735,Justise,Winslow,0,2015,28.6,6.4
2736,Myles,Turner,0,2015,22.8,10.3
2737,Trey,Lyles,0,2015,17.3,6.1
2738,Devin,Booker,0,2015,27.7,13.8
2739,Cameron,Payne,0,2015,12.2,5
2740,Terry,Rozier,0,2015,8,1.8
2741,Rashad,Vaughn,0,2015,14.3,3.1
2742,Sam,Dekker,0,2015,2,0
2743,Jerian,Grant,0,2015,16.6,5.6
2744,Delon,Wright,0,2015,8.5,3.8
2745,Justin,Anderson,0,2015,11.8,3.8
2746,Bobby,Portis,0,2015,17.8,7
2747,Rondae,Hollis-Jefferson,0,2015,21.2,5.8
2748,Tyus,Jones,0,2015,15.5,4.2
2749,Jarell,Martin,0,2015,14.1,5.7
2750,Larry,Nance Jr,0,2015,20.1,5.5
2751,R.J.,Hunter,0,2015,8.7,2.7
2752,Chris,McCullough,0,2015,15.1,4.7
2753,Kevon,Looney,0,2015,4.1,1.8
2754,Montrezl,Harrell,0,2015,9.7,3.6
2755,Jordan,Mickey,0,2015,3.6,1.3
2756,Anthony,Brown,0,2015,20.6,4
2757,Rakeem,Christmas,0,2015,6.1,4
2758,Richaun,Holmes,0,2015,13.8,5.6
2759,Darrun,Hilliard,0,2015,10.1,4
2760,Josh,Richardson,0,2015,21.3,6.6
2761,Pat,Connaughton,0,2015,4.2,1.1
2762,Norman,Powell,0,2015,14.8,5.6
2763,Branden,Dawson,0,2015,4.8,0.8
